-------------------------------------------------------------------------
Query: SELECT * FROM current_schema()
Parameters: undefined
-------------------------------------------------------------------------
-------------------------------------------------------------------------
Query: SELECT version();
Parameters: undefined
-------------------------------------------------------------------------
-------------------------------------------------------------------------
Query: START TRANSACTION
Parameters: undefined
-------------------------------------------------------------------------
-------------------------------------------------------------------------
Query: SELECT * FROM current_schema()
Parameters: undefined
-------------------------------------------------------------------------
-------------------------------------------------------------------------
Query: SELECT * FROM current_database()
Parameters: undefined
-------------------------------------------------------------------------
-------------------------------------------------------------------------
Query: SELECT "table_schema", "table_name" FROM "information_schema"."tables" WHERE ("table_schema" = 'public' AND "table_name" = 'vehicles') OR ("table_schema" = 'public' AND "table_name" = 'inventory_items') OR ("table_schema" = 'public' AND "table_name" = 'bank_accounts') OR ("table_schema" = 'public' AND "table_name" = 'characters') OR ("table_schema" = 'public' AND "table_name" = 'accounts') OR ("table_schema" = 'public' AND "table_name" = 'bans')
Parameters: undefined
-------------------------------------------------------------------------
-------------------------------------------------------------------------
Query: SELECT TRUE FROM information_schema.columns WHERE table_name = 'pg_class' and column_name = 'relispartition'
Parameters: undefined
-------------------------------------------------------------------------
-------------------------------------------------------------------------
Query: SELECT columns.*, pg_catalog.col_description(('"' || table_catalog || '"."' || table_schema || '"."' || table_name || '"')::regclass::oid, ordinal_position) AS description, ('"' || "udt_schema" || '"."' || "udt_name" || '"')::"regtype" AS "regtype", pg_catalog.format_type("col_attr"."atttypid", "col_attr"."atttypmod") AS "format_type" FROM "information_schema"."columns" LEFT JOIN "pg_catalog"."pg_attribute" AS "col_attr" ON "col_attr"."attname" = "columns"."column_name" AND "col_attr"."attrelid" = ( SELECT "cls"."oid" FROM "pg_catalog"."pg_class" AS "cls" LEFT JOIN "pg_catalog"."pg_namespace" AS "ns" ON "ns"."oid" = "cls"."relnamespace" WHERE "cls"."relname" = "columns"."table_name" AND "ns"."nspname" = "columns"."table_schema" ) WHERE ("table_schema" = 'public' AND "table_name" = 'vehicles') OR ("table_schema" = 'public' AND "table_name" = 'inventory_items') OR ("table_schema" = 'public' AND "table_name" = 'bank_accounts') OR ("table_schema" = 'public' AND "table_name" = 'characters') OR ("table_schema" = 'public' AND "table_name" = 'accounts') OR ("table_schema" = 'public' AND "table_name" = 'bans')
Parameters: undefined
-------------------------------------------------------------------------
-------------------------------------------------------------------------
Query: SELECT "ns"."nspname" AS "table_schema", "t"."relname" AS "table_name", "cnst"."conname" AS "constraint_name", pg_get_constraintdef("cnst"."oid") AS "expression", CASE "cnst"."contype" WHEN 'p' THEN 'PRIMARY' WHEN 'u' THEN 'UNIQUE' WHEN 'c' THEN 'CHECK' WHEN 'x' THEN 'EXCLUDE' END AS "constraint_type", "a"."attname" AS "column_name" FROM "pg_constraint" "cnst" INNER JOIN "pg_class" "t" ON "t"."oid" = "cnst"."conrelid" INNER JOIN "pg_namespace" "ns" ON "ns"."oid" = "cnst"."connamespace" LEFT JOIN "pg_attribute" "a" ON "a"."attrelid" = "cnst"."conrelid" AND "a"."attnum" = ANY ("cnst"."conkey") WHERE "t"."relkind" IN ('r', 'p') AND (("ns"."nspname" = 'public' AND "t"."relname" = 'vehicles') OR ("ns"."nspname" = 'public' AND "t"."relname" = 'inventory_items') OR ("ns"."nspname" = 'public' AND "t"."relname" = 'bank_accounts') OR ("ns"."nspname" = 'public' AND "t"."relname" = 'characters') OR ("ns"."nspname" = 'public' AND "t"."relname" = 'accounts') OR ("ns"."nspname" = 'public' AND "t"."relname" = 'bans'))
Parameters: undefined
-------------------------------------------------------------------------
-------------------------------------------------------------------------
Query: SELECT "ns"."nspname" AS "table_schema", "t"."relname" AS "table_name", "i"."relname" AS "constraint_name", "a"."attname" AS "column_name", CASE "ix"."indisunique" WHEN 't' THEN 'TRUE' ELSE'FALSE' END AS "is_unique", pg_get_expr("ix"."indpred", "ix"."indrelid") AS "condition", "types"."typname" AS "type_name" FROM "pg_class" "t" INNER JOIN "pg_index" "ix" ON "ix"."indrelid" = "t"."oid" INNER JOIN "pg_attribute" "a" ON "a"."attrelid" = "t"."oid"  AND "a"."attnum" = ANY ("ix"."indkey") INNER JOIN "pg_namespace" "ns" ON "ns"."oid" = "t"."relnamespace" INNER JOIN "pg_class" "i" ON "i"."oid" = "ix"."indexrelid" INNER JOIN "pg_type" "types" ON "types"."oid" = "a"."atttypid" LEFT JOIN "pg_constraint" "cnst" ON "cnst"."conname" = "i"."relname" WHERE "t"."relkind" IN ('r', 'p') AND "cnst"."contype" IS NULL AND (("ns"."nspname" = 'public' AND "t"."relname" = 'vehicles') OR ("ns"."nspname" = 'public' AND "t"."relname" = 'inventory_items') OR ("ns"."nspname" = 'public' AND "t"."relname" = 'bank_accounts') OR ("ns"."nspname" = 'public' AND "t"."relname" = 'characters') OR ("ns"."nspname" = 'public' AND "t"."relname" = 'accounts') OR ("ns"."nspname" = 'public' AND "t"."relname" = 'bans'))
Parameters: undefined
-------------------------------------------------------------------------
-------------------------------------------------------------------------
Query: SELECT "con"."conname" AS "constraint_name", "con"."nspname" AS "table_schema", "con"."relname" AS "table_name", "att2"."attname" AS "column_name", "ns"."nspname" AS "referenced_table_schema", "cl"."relname" AS "referenced_table_name", "att"."attname" AS "referenced_column_name", "con"."confdeltype" AS "on_delete", "con"."confupdtype" AS "on_update", "con"."condeferrable" AS "deferrable", "con"."condeferred" AS "deferred" FROM ( SELECT UNNEST ("con1"."conkey") AS "parent", UNNEST ("con1"."confkey") AS "child", "con1"."confrelid", "con1"."conrelid", "con1"."conname", "con1"."contype", "ns"."nspname", "cl"."relname", "con1"."condeferrable", CASE WHEN "con1"."condeferred" THEN 'INITIALLY DEFERRED' ELSE 'INITIALLY IMMEDIATE' END as condeferred, CASE "con1"."confdeltype" WHEN 'a' THEN 'NO ACTION' WHEN 'r' THEN 'RESTRICT' WHEN 'c' THEN 'CASCADE' WHEN 'n' THEN 'SET NULL' WHEN 'd' THEN 'SET DEFAULT' END as "confdeltype", CASE "con1"."confupdtype" WHEN 'a' THEN 'NO ACTION' WHEN 'r' THEN 'RESTRICT' WHEN 'c' THEN 'CASCADE' WHEN 'n' THEN 'SET NULL' WHEN 'd' THEN 'SET DEFAULT' END as "confupdtype" FROM "pg_class" "cl" INNER JOIN "pg_namespace" "ns" ON "cl"."relnamespace" = "ns"."oid" INNER JOIN "pg_constraint" "con1" ON "con1"."conrelid" = "cl"."oid" WHERE "con1"."contype" = 'f' AND (("ns"."nspname" = 'public' AND "cl"."relname" = 'vehicles') OR ("ns"."nspname" = 'public' AND "cl"."relname" = 'inventory_items') OR ("ns"."nspname" = 'public' AND "cl"."relname" = 'bank_accounts') OR ("ns"."nspname" = 'public' AND "cl"."relname" = 'characters') OR ("ns"."nspname" = 'public' AND "cl"."relname" = 'accounts') OR ("ns"."nspname" = 'public' AND "cl"."relname" = 'bans')) ) "con" INNER JOIN "pg_attribute" "att" ON "att"."attrelid" = "con"."confrelid" AND "att"."attnum" = "con"."child" INNER JOIN "pg_class" "cl" ON "cl"."oid" = "con"."confrelid"  AND "cl"."relispartition" = 'f'INNER JOIN "pg_namespace" "ns" ON "cl"."relnamespace" = "ns"."oid" INNER JOIN "pg_attribute" "att2" ON "att2"."attrelid" = "con"."conrelid" AND "att2"."attnum" = "con"."parent"
Parameters: undefined
-------------------------------------------------------------------------
-------------------------------------------------------------------------
Query: SELECT * FROM "information_schema"."tables" WHERE "table_schema" = 'public' AND "table_name" = 'typeorm_metadata'
Parameters: undefined
-------------------------------------------------------------------------
-------------------------------------------------------------------------
Query: COMMIT
Parameters: undefined
-------------------------------------------------------------------------
-------------------------------------------------------------------------
Query: SELECT "BanEntity"."id" AS "BanEntity_id", "BanEntity"."ip" AS "BanEntity_ip", "BanEntity"."rsgId" AS "BanEntity_rsgId", "BanEntity"."username" AS "BanEntity_username", "BanEntity"."serial" AS "BanEntity_serial", "BanEntity"."reason" AS "BanEntity_reason", "BanEntity"."bannedBy" AS "BanEntity_bannedBy", "BanEntity"."bannedByLevel" AS "BanEntity_bannedByLevel", "BanEntity"."lifttime" AS "BanEntity_lifttime" FROM "bans" "BanEntity" WHERE (("BanEntity"."serial" = $1) OR ("BanEntity"."ip" = $2) OR ("BanEntity"."username" = $3) OR ("BanEntity"."rsgId" = $4)) LIMIT 1
Parameters: DEB488D000D25078C2F47EA05270C5E07A301C00DF2039B0E2E4E8D8E88AE240D86800ECF0FA9ED04A305E604FE40680B400F9C0BB8CBEB078E4D814E6C4A280,127.0.0.1,tacticalwired,256659239
-------------------------------------------------------------------------
-------------------------------------------------------------------------
Query: SELECT "AccountEntity"."id" AS "AccountEntity_id", "AccountEntity"."username" AS "AccountEntity_username", "AccountEntity"."password" AS "AccountEntity_password", "AccountEntity"."email" AS "AccountEntity_email", "AccountEntity"."socialClubId" AS "AccountEntity_socialClubId" FROM "accounts" "AccountEntity" WHERE ("AccountEntity"."username" = $1 AND "AccountEntity"."email" = $2) LIMIT 1
Parameters: tacticalwired,mateocervino06@gmail.com
-------------------------------------------------------------------------
-------------------------------------------------------------------------
Query: START TRANSACTION
Parameters: undefined
-------------------------------------------------------------------------
-------------------------------------------------------------------------
Query: INSERT INTO "accounts"("username", "password", "email", "socialClubId") VALUES ($1, $2, $3, $4) RETURNING "id"
Parameters: tacticalwired,f007e895cc3842d39242795bda96cf4bd9c8fa18849fef8a0bfab4f1862f601f,mateocervino06@gmail.com,256659239
-------------------------------------------------------------------------
-------------------------------------------------------------------------
Query: COMMIT
Parameters: undefined
-------------------------------------------------------------------------
-------------------------------------------------------------------------
Query: SELECT "CharacterEntity"."id" AS "CharacterEntity_id", "CharacterEntity"."adminlevel" AS "CharacterEntity_adminlevel", "CharacterEntity"."appearance" AS "CharacterEntity_appearance", "CharacterEntity"."lastlogin" AS "CharacterEntity_lastlogin", "CharacterEntity"."name" AS "CharacterEntity_name", "CharacterEntity"."gender" AS "CharacterEntity_gender", "CharacterEntity"."level" AS "CharacterEntity_level", "CharacterEntity"."position" AS "CharacterEntity_position", "CharacterEntity"."wantedLevel" AS "CharacterEntity_wantedLevel", "CharacterEntity"."deathState" AS "CharacterEntity_deathState", "CharacterEntity"."cash" AS "CharacterEntity_cash", "CharacterEntity"."accountId" AS "CharacterEntity_accountId", "CharacterEntity"."itemsId" AS "CharacterEntity_itemsId" FROM "characters" "CharacterEntity" WHERE ("CharacterEntity"."name" = $1) LIMIT 1
Parameters: Steve Swarek
-------------------------------------------------------------------------
-------------------------------------------------------------------------
Query: SELECT DISTINCT "distinctAlias"."CharacterEntity_id" AS "ids_CharacterEntity_id" FROM (SELECT "CharacterEntity"."id" AS "CharacterEntity_id", "CharacterEntity"."adminlevel" AS "CharacterEntity_adminlevel", "CharacterEntity"."appearance" AS "CharacterEntity_appearance", "CharacterEntity"."lastlogin" AS "CharacterEntity_lastlogin", "CharacterEntity"."name" AS "CharacterEntity_name", "CharacterEntity"."gender" AS "CharacterEntity_gender", "CharacterEntity"."level" AS "CharacterEntity_level", "CharacterEntity"."position" AS "CharacterEntity_position", "CharacterEntity"."wantedLevel" AS "CharacterEntity_wantedLevel", "CharacterEntity"."deathState" AS "CharacterEntity_deathState", "CharacterEntity"."cash" AS "CharacterEntity_cash", "CharacterEntity"."accountId" AS "CharacterEntity_accountId", "CharacterEntity"."itemsId" AS "CharacterEntity_itemsId" FROM "characters" "CharacterEntity" LEFT JOIN "accounts" "CharacterEntity__CharacterEntity_account" ON "CharacterEntity__CharacterEntity_account"."id"="CharacterEntity"."accountId" WHERE ("CharacterEntity__CharacterEntity_account"."id" = $1)) "distinctAlias" ORDER BY "CharacterEntity_id" ASC LIMIT 3
Parameters: 1
-------------------------------------------------------------------------
-------------------------------------------------------------------------
Query: START TRANSACTION
Parameters: undefined
-------------------------------------------------------------------------
-------------------------------------------------------------------------
Query: INSERT INTO "inventory_items"("clothes", "pockets", "quickUse") VALUES ($1, $2, $3) RETURNING "id"
Parameters: {"0":null,"1":null,"2":null,"3":null,"4":null,"5":null,"6":null,"7":null,"8":null,"9":null,"10":null,"11":null,"12":null,"13":null},{"0":null,"1":null,"2":null,"3":null,"4":null,"5":null,"6":null,"7":null,"8":null,"9":null,"10":null,"11":null,"12":null,"13":null,"14":null,"15":null,"16":null,"17":null},{"0":null,"1":null,"2":null,"3":null,"4":null,"5":null}
-------------------------------------------------------------------------
-------------------------------------------------------------------------
Query: INSERT INTO "characters"("adminlevel", "appearance", "lastlogin", "name", "gender", "level", "position", "wantedLevel", "deathState", "cash", "accountId", "itemsId") VALUES ($1, $2, $3, $4, $5, $6, $7, $8, $9, $10, $11, $12) RETURNING "id", "adminlevel", "appearance", "gender", "level", "position", "wantedLevel", "deathState", "cash"
Parameters: 0,{"color":{"head":0,"eyebrows":0,"eyes":0,"chest":0,"beard":0},"face":{"0":-16,"1":0,"2":0,"3":0,"4":0,"5":0,"6":0,"7":0,"8":0,"9":0,"10":0,"11":0,"12":0,"13":0,"14":0,"15":0,"16":0,"17":0,"18":0,"19":0},"hair":{"head":18,"eyebrows":0,"chest":0,"beard":0},"parents":{"father":1,"mother":0,"leatherMix":0,"similarity":0}},,Steve Swarek,0,1,{"x":-541.0401611328125,"y":-1287.0777587890625,"z":26.901586532592773,"heading":-118.70496368408203},0,0,1500,1,1
-------------------------------------------------------------------------
-------------------------------------------------------------------------
Query: COMMIT
Parameters: undefined
-------------------------------------------------------------------------
-------------------------------------------------------------------------
Query: SELECT "CharacterEntity"."id" AS "CharacterEntity_id", "CharacterEntity"."adminlevel" AS "CharacterEntity_adminlevel", "CharacterEntity"."appearance" AS "CharacterEntity_appearance", "CharacterEntity"."lastlogin" AS "CharacterEntity_lastlogin", "CharacterEntity"."name" AS "CharacterEntity_name", "CharacterEntity"."gender" AS "CharacterEntity_gender", "CharacterEntity"."level" AS "CharacterEntity_level", "CharacterEntity"."position" AS "CharacterEntity_position", "CharacterEntity"."wantedLevel" AS "CharacterEntity_wantedLevel", "CharacterEntity"."deathState" AS "CharacterEntity_deathState", "CharacterEntity"."cash" AS "CharacterEntity_cash", "CharacterEntity"."accountId" AS "CharacterEntity_accountId", "CharacterEntity"."itemsId" AS "CharacterEntity_itemsId" FROM "characters" "CharacterEntity" WHERE ("CharacterEntity"."name" = $1) LIMIT 1
Parameters: Steve Swarek
-------------------------------------------------------------------------
-------------------------------------------------------------------------
Query: UPDATE "inventory_items" SET "pockets" = $1, "clothes" = $2, "quickUse" = $3 WHERE "id" = $4
Parameters: {"0":null,"1":null,"2":null,"3":null,"4":null,"5":null,"6":null,"7":null,"8":null,"9":null,"10":null,"11":null,"12":null,"13":null,"14":null,"15":null,"16":null,"17":null},{"0":null,"1":null,"2":null,"3":null,"4":null,"5":null,"6":null,"7":null,"8":null,"9":null,"10":null,"11":null,"12":null,"13":null},{"0":null,"1":null,"2":null,"3":null,"4":null,"5":null},1
-------------------------------------------------------------------------
-------------------------------------------------------------------------
Query: UPDATE "inventory_items" SET "pockets" = $1, "clothes" = $2, "quickUse" = $3 WHERE "id" = $4
Parameters: {"0":null,"1":null,"2":null,"3":null,"4":null,"5":null,"6":null,"7":null,"8":null,"9":null,"10":null,"11":null,"12":null,"13":null,"14":null,"15":null,"16":null,"17":null},{"0":null,"1":null,"2":null,"3":null,"4":null,"5":null,"6":null,"7":null,"8":null,"9":null,"10":null,"11":null,"12":null,"13":null},{"0":null,"1":null,"2":null,"3":null,"4":null,"5":null},1
-------------------------------------------------------------------------
-------------------------------------------------------------------------
Query: UPDATE "characters" SET "position" = $1, "lastlogin" = $2, "deathState" = $3, "cash" = $4 WHERE "id" IN ($5)
Parameters: {"x":-325.5806579589844,"y":-1476.2249755859375,"z":30.548707962036133,"heading":-63.76978302001953},Fri Dec 19 2025 10:42:06 GMT-0300 (GMT-03:00),0,1500,1
-------------------------------------------------------------------------
-------------------------------------------------------------------------
Query: SELECT * FROM current_schema()
Parameters: undefined
-------------------------------------------------------------------------
-------------------------------------------------------------------------
Query: SELECT version();
Parameters: undefined
-------------------------------------------------------------------------
-------------------------------------------------------------------------
Query: START TRANSACTION
Parameters: undefined
-------------------------------------------------------------------------
-------------------------------------------------------------------------
Query: SELECT * FROM current_schema()
Parameters: undefined
-------------------------------------------------------------------------
-------------------------------------------------------------------------
Query: SELECT * FROM current_database()
Parameters: undefined
-------------------------------------------------------------------------
-------------------------------------------------------------------------
Query: SELECT "table_schema", "table_name" FROM "information_schema"."tables" WHERE ("table_schema" = 'public' AND "table_name" = 'vehicles') OR ("table_schema" = 'public' AND "table_name" = 'inventory_items') OR ("table_schema" = 'public' AND "table_name" = 'bank_accounts') OR ("table_schema" = 'public' AND "table_name" = 'characters') OR ("table_schema" = 'public' AND "table_name" = 'accounts') OR ("table_schema" = 'public' AND "table_name" = 'bans')
Parameters: undefined
-------------------------------------------------------------------------
-------------------------------------------------------------------------
Query: SELECT TRUE FROM information_schema.columns WHERE table_name = 'pg_class' and column_name = 'relispartition'
Parameters: undefined
-------------------------------------------------------------------------
-------------------------------------------------------------------------
Query: SELECT columns.*, pg_catalog.col_description(('"' || table_catalog || '"."' || table_schema || '"."' || table_name || '"')::regclass::oid, ordinal_position) AS description, ('"' || "udt_schema" || '"."' || "udt_name" || '"')::"regtype" AS "regtype", pg_catalog.format_type("col_attr"."atttypid", "col_attr"."atttypmod") AS "format_type" FROM "information_schema"."columns" LEFT JOIN "pg_catalog"."pg_attribute" AS "col_attr" ON "col_attr"."attname" = "columns"."column_name" AND "col_attr"."attrelid" = ( SELECT "cls"."oid" FROM "pg_catalog"."pg_class" AS "cls" LEFT JOIN "pg_catalog"."pg_namespace" AS "ns" ON "ns"."oid" = "cls"."relnamespace" WHERE "cls"."relname" = "columns"."table_name" AND "ns"."nspname" = "columns"."table_schema" ) WHERE ("table_schema" = 'public' AND "table_name" = 'vehicles') OR ("table_schema" = 'public' AND "table_name" = 'inventory_items') OR ("table_schema" = 'public' AND "table_name" = 'bank_accounts') OR ("table_schema" = 'public' AND "table_name" = 'characters') OR ("table_schema" = 'public' AND "table_name" = 'accounts') OR ("table_schema" = 'public' AND "table_name" = 'bans')
Parameters: undefined
-------------------------------------------------------------------------
-------------------------------------------------------------------------
Query: SELECT "ns"."nspname" AS "table_schema", "t"."relname" AS "table_name", "cnst"."conname" AS "constraint_name", pg_get_constraintdef("cnst"."oid") AS "expression", CASE "cnst"."contype" WHEN 'p' THEN 'PRIMARY' WHEN 'u' THEN 'UNIQUE' WHEN 'c' THEN 'CHECK' WHEN 'x' THEN 'EXCLUDE' END AS "constraint_type", "a"."attname" AS "column_name" FROM "pg_constraint" "cnst" INNER JOIN "pg_class" "t" ON "t"."oid" = "cnst"."conrelid" INNER JOIN "pg_namespace" "ns" ON "ns"."oid" = "cnst"."connamespace" LEFT JOIN "pg_attribute" "a" ON "a"."attrelid" = "cnst"."conrelid" AND "a"."attnum" = ANY ("cnst"."conkey") WHERE "t"."relkind" IN ('r', 'p') AND (("ns"."nspname" = 'public' AND "t"."relname" = 'vehicles') OR ("ns"."nspname" = 'public' AND "t"."relname" = 'inventory_items') OR ("ns"."nspname" = 'public' AND "t"."relname" = 'bank_accounts') OR ("ns"."nspname" = 'public' AND "t"."relname" = 'characters') OR ("ns"."nspname" = 'public' AND "t"."relname" = 'accounts') OR ("ns"."nspname" = 'public' AND "t"."relname" = 'bans'))
Parameters: undefined
-------------------------------------------------------------------------
-------------------------------------------------------------------------
Query: SELECT "ns"."nspname" AS "table_schema", "t"."relname" AS "table_name", "i"."relname" AS "constraint_name", "a"."attname" AS "column_name", CASE "ix"."indisunique" WHEN 't' THEN 'TRUE' ELSE'FALSE' END AS "is_unique", pg_get_expr("ix"."indpred", "ix"."indrelid") AS "condition", "types"."typname" AS "type_name" FROM "pg_class" "t" INNER JOIN "pg_index" "ix" ON "ix"."indrelid" = "t"."oid" INNER JOIN "pg_attribute" "a" ON "a"."attrelid" = "t"."oid"  AND "a"."attnum" = ANY ("ix"."indkey") INNER JOIN "pg_namespace" "ns" ON "ns"."oid" = "t"."relnamespace" INNER JOIN "pg_class" "i" ON "i"."oid" = "ix"."indexrelid" INNER JOIN "pg_type" "types" ON "types"."oid" = "a"."atttypid" LEFT JOIN "pg_constraint" "cnst" ON "cnst"."conname" = "i"."relname" WHERE "t"."relkind" IN ('r', 'p') AND "cnst"."contype" IS NULL AND (("ns"."nspname" = 'public' AND "t"."relname" = 'vehicles') OR ("ns"."nspname" = 'public' AND "t"."relname" = 'inventory_items') OR ("ns"."nspname" = 'public' AND "t"."relname" = 'bank_accounts') OR ("ns"."nspname" = 'public' AND "t"."relname" = 'characters') OR ("ns"."nspname" = 'public' AND "t"."relname" = 'accounts') OR ("ns"."nspname" = 'public' AND "t"."relname" = 'bans'))
Parameters: undefined
-------------------------------------------------------------------------
-------------------------------------------------------------------------
Query: SELECT "con"."conname" AS "constraint_name", "con"."nspname" AS "table_schema", "con"."relname" AS "table_name", "att2"."attname" AS "column_name", "ns"."nspname" AS "referenced_table_schema", "cl"."relname" AS "referenced_table_name", "att"."attname" AS "referenced_column_name", "con"."confdeltype" AS "on_delete", "con"."confupdtype" AS "on_update", "con"."condeferrable" AS "deferrable", "con"."condeferred" AS "deferred" FROM ( SELECT UNNEST ("con1"."conkey") AS "parent", UNNEST ("con1"."confkey") AS "child", "con1"."confrelid", "con1"."conrelid", "con1"."conname", "con1"."contype", "ns"."nspname", "cl"."relname", "con1"."condeferrable", CASE WHEN "con1"."condeferred" THEN 'INITIALLY DEFERRED' ELSE 'INITIALLY IMMEDIATE' END as condeferred, CASE "con1"."confdeltype" WHEN 'a' THEN 'NO ACTION' WHEN 'r' THEN 'RESTRICT' WHEN 'c' THEN 'CASCADE' WHEN 'n' THEN 'SET NULL' WHEN 'd' THEN 'SET DEFAULT' END as "confdeltype", CASE "con1"."confupdtype" WHEN 'a' THEN 'NO ACTION' WHEN 'r' THEN 'RESTRICT' WHEN 'c' THEN 'CASCADE' WHEN 'n' THEN 'SET NULL' WHEN 'd' THEN 'SET DEFAULT' END as "confupdtype" FROM "pg_class" "cl" INNER JOIN "pg_namespace" "ns" ON "cl"."relnamespace" = "ns"."oid" INNER JOIN "pg_constraint" "con1" ON "con1"."conrelid" = "cl"."oid" WHERE "con1"."contype" = 'f' AND (("ns"."nspname" = 'public' AND "cl"."relname" = 'vehicles') OR ("ns"."nspname" = 'public' AND "cl"."relname" = 'inventory_items') OR ("ns"."nspname" = 'public' AND "cl"."relname" = 'bank_accounts') OR ("ns"."nspname" = 'public' AND "cl"."relname" = 'characters') OR ("ns"."nspname" = 'public' AND "cl"."relname" = 'accounts') OR ("ns"."nspname" = 'public' AND "cl"."relname" = 'bans')) ) "con" INNER JOIN "pg_attribute" "att" ON "att"."attrelid" = "con"."confrelid" AND "att"."attnum" = "con"."child" INNER JOIN "pg_class" "cl" ON "cl"."oid" = "con"."confrelid"  AND "cl"."relispartition" = 'f'INNER JOIN "pg_namespace" "ns" ON "cl"."relnamespace" = "ns"."oid" INNER JOIN "pg_attribute" "att2" ON "att2"."attrelid" = "con"."conrelid" AND "att2"."attnum" = "con"."parent"
Parameters: undefined
-------------------------------------------------------------------------
-------------------------------------------------------------------------
Query: SELECT * FROM "information_schema"."tables" WHERE "table_schema" = 'public' AND "table_name" = 'typeorm_metadata'
Parameters: undefined
-------------------------------------------------------------------------
-------------------------------------------------------------------------
Query: COMMIT
Parameters: undefined
-------------------------------------------------------------------------
-------------------------------------------------------------------------
Query: SELECT "BanEntity"."id" AS "BanEntity_id", "BanEntity"."ip" AS "BanEntity_ip", "BanEntity"."rsgId" AS "BanEntity_rsgId", "BanEntity"."username" AS "BanEntity_username", "BanEntity"."serial" AS "BanEntity_serial", "BanEntity"."reason" AS "BanEntity_reason", "BanEntity"."bannedBy" AS "BanEntity_bannedBy", "BanEntity"."bannedByLevel" AS "BanEntity_bannedByLevel", "BanEntity"."lifttime" AS "BanEntity_lifttime" FROM "bans" "BanEntity" WHERE (("BanEntity"."serial" = $1) OR ("BanEntity"."ip" = $2) OR ("BanEntity"."username" = $3) OR ("BanEntity"."rsgId" = $4)) LIMIT 1
Parameters: DEB488D000D25078C2F47EA05270C5E07A301C00DF2039B0E2E4E8D8E88AE240D86800ECF0FA9ED04A305E604FE40680B400F9C0BB8CBEB078E4D814E6C4A280,127.0.0.1,tacticalwired,256659239
-------------------------------------------------------------------------
-------------------------------------------------------------------------
Query: SELECT "AccountEntity"."id" AS "AccountEntity_id", "AccountEntity"."username" AS "AccountEntity_username", "AccountEntity"."password" AS "AccountEntity_password", "AccountEntity"."email" AS "AccountEntity_email", "AccountEntity"."socialClubId" AS "AccountEntity_socialClubId" FROM "accounts" "AccountEntity" WHERE ("AccountEntity"."username" = $1) LIMIT 1
Parameters: tacticalwired
-------------------------------------------------------------------------
-------------------------------------------------------------------------
Query: SELECT "AccountEntity"."id" AS "AccountEntity_id", "AccountEntity"."username" AS "AccountEntity_username", "AccountEntity"."password" AS "AccountEntity_password", "AccountEntity"."email" AS "AccountEntity_email", "AccountEntity"."socialClubId" AS "AccountEntity_socialClubId" FROM "accounts" "AccountEntity" WHERE ("AccountEntity"."username" = $1) LIMIT 1
Parameters: tacticalwired
-------------------------------------------------------------------------
-------------------------------------------------------------------------
Query: SELECT DISTINCT "distinctAlias"."CharacterEntity_id" AS "ids_CharacterEntity_id" FROM (SELECT "CharacterEntity"."id" AS "CharacterEntity_id", "CharacterEntity"."adminlevel" AS "CharacterEntity_adminlevel", "CharacterEntity"."appearance" AS "CharacterEntity_appearance", "CharacterEntity"."lastlogin" AS "CharacterEntity_lastlogin", "CharacterEntity"."name" AS "CharacterEntity_name", "CharacterEntity"."gender" AS "CharacterEntity_gender", "CharacterEntity"."level" AS "CharacterEntity_level", "CharacterEntity"."position" AS "CharacterEntity_position", "CharacterEntity"."wantedLevel" AS "CharacterEntity_wantedLevel", "CharacterEntity"."deathState" AS "CharacterEntity_deathState", "CharacterEntity"."cash" AS "CharacterEntity_cash", "CharacterEntity"."accountId" AS "CharacterEntity_accountId", "CharacterEntity"."itemsId" AS "CharacterEntity_itemsId" FROM "characters" "CharacterEntity" LEFT JOIN "accounts" "CharacterEntity__CharacterEntity_account" ON "CharacterEntity__CharacterEntity_account"."id"="CharacterEntity"."accountId" WHERE ("CharacterEntity__CharacterEntity_account"."id" = $1)) "distinctAlias" ORDER BY "CharacterEntity_id" ASC LIMIT 3
Parameters: 1
-------------------------------------------------------------------------
-------------------------------------------------------------------------
Query: SELECT "CharacterEntity"."id" AS "CharacterEntity_id", "CharacterEntity"."adminlevel" AS "CharacterEntity_adminlevel", "CharacterEntity"."appearance" AS "CharacterEntity_appearance", "CharacterEntity"."lastlogin" AS "CharacterEntity_lastlogin", "CharacterEntity"."name" AS "CharacterEntity_name", "CharacterEntity"."gender" AS "CharacterEntity_gender", "CharacterEntity"."level" AS "CharacterEntity_level", "CharacterEntity"."position" AS "CharacterEntity_position", "CharacterEntity"."wantedLevel" AS "CharacterEntity_wantedLevel", "CharacterEntity"."deathState" AS "CharacterEntity_deathState", "CharacterEntity"."cash" AS "CharacterEntity_cash", "CharacterEntity"."accountId" AS "CharacterEntity_accountId", "CharacterEntity"."itemsId" AS "CharacterEntity_itemsId" FROM "characters" "CharacterEntity" LEFT JOIN "accounts" "CharacterEntity__CharacterEntity_account" ON "CharacterEntity__CharacterEntity_account"."id"="CharacterEntity"."accountId" WHERE ( ("CharacterEntity__CharacterEntity_account"."id" = $1) ) AND ( "CharacterEntity"."id" IN (1) )
Parameters: 1
-------------------------------------------------------------------------
-------------------------------------------------------------------------
Query: SELECT DISTINCT "distinctAlias"."CharacterEntity_id" AS "ids_CharacterEntity_id" FROM (SELECT "CharacterEntity"."id" AS "CharacterEntity_id", "CharacterEntity"."adminlevel" AS "CharacterEntity_adminlevel", "CharacterEntity"."appearance" AS "CharacterEntity_appearance", "CharacterEntity"."lastlogin" AS "CharacterEntity_lastlogin", "CharacterEntity"."name" AS "CharacterEntity_name", "CharacterEntity"."gender" AS "CharacterEntity_gender", "CharacterEntity"."level" AS "CharacterEntity_level", "CharacterEntity"."position" AS "CharacterEntity_position", "CharacterEntity"."wantedLevel" AS "CharacterEntity_wantedLevel", "CharacterEntity"."deathState" AS "CharacterEntity_deathState", "CharacterEntity"."cash" AS "CharacterEntity_cash", "CharacterEntity"."accountId" AS "CharacterEntity_accountId", "CharacterEntity"."itemsId" AS "CharacterEntity_itemsId", "CharacterEntity__CharacterEntity_items"."id" AS "CharacterEntity__CharacterEntity_items_id", "CharacterEntity__CharacterEntity_items"."clothes" AS "CharacterEntity__CharacterEntity_items_clothes", "CharacterEntity__CharacterEntity_items"."pockets" AS "CharacterEntity__CharacterEntity_items_pockets", "CharacterEntity__CharacterEntity_items"."quickUse" AS "CharacterEntity__CharacterEntity_items_quickUse", "CharacterEntity__CharacterEntity_bank"."id" AS "CharacterEntity__CharacterEntity_bank_id", "CharacterEntity__CharacterEntity_bank"."isPrimary" AS "CharacterEntity__CharacterEntity_bank_isPrimary", "CharacterEntity__CharacterEntity_bank"."accountnumber" AS "CharacterEntity__CharacterEntity_bank_accountnumber", "CharacterEntity__CharacterEntity_bank"."pincode" AS "CharacterEntity__CharacterEntity_bank_pincode", "CharacterEntity__CharacterEntity_bank"."balance" AS "CharacterEntity__CharacterEntity_bank_balance", "CharacterEntity__CharacterEntity_bank"."accountholder" AS "CharacterEntity__CharacterEntity_bank_accountholder", "CharacterEntity__CharacterEntity_bank"."characterId" AS "CharacterEntity__CharacterEntity_bank_characterId" FROM "characters" "CharacterEntity" LEFT JOIN "inventory_items" "CharacterEntity__CharacterEntity_items" ON "CharacterEntity__CharacterEntity_items"."id"="CharacterEntity"."itemsId"  LEFT JOIN "bank_accounts" "CharacterEntity__CharacterEntity_bank" ON "CharacterEntity__CharacterEntity_bank"."characterId"="CharacterEntity"."id" WHERE ("CharacterEntity"."id" = $1)) "distinctAlias" ORDER BY "CharacterEntity_id" ASC LIMIT 1
Parameters: 1
-------------------------------------------------------------------------
-------------------------------------------------------------------------
Query: SELECT "CharacterEntity"."id" AS "CharacterEntity_id", "CharacterEntity"."adminlevel" AS "CharacterEntity_adminlevel", "CharacterEntity"."appearance" AS "CharacterEntity_appearance", "CharacterEntity"."lastlogin" AS "CharacterEntity_lastlogin", "CharacterEntity"."name" AS "CharacterEntity_name", "CharacterEntity"."gender" AS "CharacterEntity_gender", "CharacterEntity"."level" AS "CharacterEntity_level", "CharacterEntity"."position" AS "CharacterEntity_position", "CharacterEntity"."wantedLevel" AS "CharacterEntity_wantedLevel", "CharacterEntity"."deathState" AS "CharacterEntity_deathState", "CharacterEntity"."cash" AS "CharacterEntity_cash", "CharacterEntity"."accountId" AS "CharacterEntity_accountId", "CharacterEntity"."itemsId" AS "CharacterEntity_itemsId", "CharacterEntity__CharacterEntity_items"."id" AS "CharacterEntity__CharacterEntity_items_id", "CharacterEntity__CharacterEntity_items"."clothes" AS "CharacterEntity__CharacterEntity_items_clothes", "CharacterEntity__CharacterEntity_items"."pockets" AS "CharacterEntity__CharacterEntity_items_pockets", "CharacterEntity__CharacterEntity_items"."quickUse" AS "CharacterEntity__CharacterEntity_items_quickUse", "CharacterEntity__CharacterEntity_bank"."id" AS "CharacterEntity__CharacterEntity_bank_id", "CharacterEntity__CharacterEntity_bank"."isPrimary" AS "CharacterEntity__CharacterEntity_bank_isPrimary", "CharacterEntity__CharacterEntity_bank"."accountnumber" AS "CharacterEntity__CharacterEntity_bank_accountnumber", "CharacterEntity__CharacterEntity_bank"."pincode" AS "CharacterEntity__CharacterEntity_bank_pincode", "CharacterEntity__CharacterEntity_bank"."balance" AS "CharacterEntity__CharacterEntity_bank_balance", "CharacterEntity__CharacterEntity_bank"."accountholder" AS "CharacterEntity__CharacterEntity_bank_accountholder", "CharacterEntity__CharacterEntity_bank"."characterId" AS "CharacterEntity__CharacterEntity_bank_characterId" FROM "characters" "CharacterEntity" LEFT JOIN "inventory_items" "CharacterEntity__CharacterEntity_items" ON "CharacterEntity__CharacterEntity_items"."id"="CharacterEntity"."itemsId"  LEFT JOIN "bank_accounts" "CharacterEntity__CharacterEntity_bank" ON "CharacterEntity__CharacterEntity_bank"."characterId"="CharacterEntity"."id" WHERE ( ("CharacterEntity"."id" = $1) ) AND ( "CharacterEntity"."id" IN (1) )
Parameters: 1
-------------------------------------------------------------------------
-------------------------------------------------------------------------
Query: UPDATE "characters" SET "position" = $1, "lastlogin" = $2, "deathState" = $3, "cash" = $4 WHERE "id" IN ($5)
Parameters: {"x":-309.2264709472656,"y":-1476.9251708984375,"z":30.509136199951172,"heading":-77.82443237304688},Fri Dec 19 2025 11:00:38 GMT-0300 (GMT-03:00),0,1500,1
-------------------------------------------------------------------------
-------------------------------------------------------------------------
Query: SELECT * FROM current_schema()
Parameters: undefined
-------------------------------------------------------------------------
-------------------------------------------------------------------------
Query: SELECT version();
Parameters: undefined
-------------------------------------------------------------------------
-------------------------------------------------------------------------
Query: START TRANSACTION
Parameters: undefined
-------------------------------------------------------------------------
-------------------------------------------------------------------------
Query: SELECT * FROM current_schema()
Parameters: undefined
-------------------------------------------------------------------------
-------------------------------------------------------------------------
Query: SELECT * FROM current_database()
Parameters: undefined
-------------------------------------------------------------------------
-------------------------------------------------------------------------
Query: SELECT "table_schema", "table_name" FROM "information_schema"."tables" WHERE ("table_schema" = 'public' AND "table_name" = 'vehicles') OR ("table_schema" = 'public' AND "table_name" = 'inventory_items') OR ("table_schema" = 'public' AND "table_name" = 'bank_accounts') OR ("table_schema" = 'public' AND "table_name" = 'characters') OR ("table_schema" = 'public' AND "table_name" = 'accounts') OR ("table_schema" = 'public' AND "table_name" = 'bans')
Parameters: undefined
-------------------------------------------------------------------------
-------------------------------------------------------------------------
Query: SELECT TRUE FROM information_schema.columns WHERE table_name = 'pg_class' and column_name = 'relispartition'
Parameters: undefined
-------------------------------------------------------------------------
-------------------------------------------------------------------------
Query: SELECT columns.*, pg_catalog.col_description(('"' || table_catalog || '"."' || table_schema || '"."' || table_name || '"')::regclass::oid, ordinal_position) AS description, ('"' || "udt_schema" || '"."' || "udt_name" || '"')::"regtype" AS "regtype", pg_catalog.format_type("col_attr"."atttypid", "col_attr"."atttypmod") AS "format_type" FROM "information_schema"."columns" LEFT JOIN "pg_catalog"."pg_attribute" AS "col_attr" ON "col_attr"."attname" = "columns"."column_name" AND "col_attr"."attrelid" = ( SELECT "cls"."oid" FROM "pg_catalog"."pg_class" AS "cls" LEFT JOIN "pg_catalog"."pg_namespace" AS "ns" ON "ns"."oid" = "cls"."relnamespace" WHERE "cls"."relname" = "columns"."table_name" AND "ns"."nspname" = "columns"."table_schema" ) WHERE ("table_schema" = 'public' AND "table_name" = 'vehicles') OR ("table_schema" = 'public' AND "table_name" = 'inventory_items') OR ("table_schema" = 'public' AND "table_name" = 'bank_accounts') OR ("table_schema" = 'public' AND "table_name" = 'characters') OR ("table_schema" = 'public' AND "table_name" = 'accounts') OR ("table_schema" = 'public' AND "table_name" = 'bans')
Parameters: undefined
-------------------------------------------------------------------------
-------------------------------------------------------------------------
Query: SELECT "ns"."nspname" AS "table_schema", "t"."relname" AS "table_name", "cnst"."conname" AS "constraint_name", pg_get_constraintdef("cnst"."oid") AS "expression", CASE "cnst"."contype" WHEN 'p' THEN 'PRIMARY' WHEN 'u' THEN 'UNIQUE' WHEN 'c' THEN 'CHECK' WHEN 'x' THEN 'EXCLUDE' END AS "constraint_type", "a"."attname" AS "column_name" FROM "pg_constraint" "cnst" INNER JOIN "pg_class" "t" ON "t"."oid" = "cnst"."conrelid" INNER JOIN "pg_namespace" "ns" ON "ns"."oid" = "cnst"."connamespace" LEFT JOIN "pg_attribute" "a" ON "a"."attrelid" = "cnst"."conrelid" AND "a"."attnum" = ANY ("cnst"."conkey") WHERE "t"."relkind" IN ('r', 'p') AND (("ns"."nspname" = 'public' AND "t"."relname" = 'vehicles') OR ("ns"."nspname" = 'public' AND "t"."relname" = 'inventory_items') OR ("ns"."nspname" = 'public' AND "t"."relname" = 'bank_accounts') OR ("ns"."nspname" = 'public' AND "t"."relname" = 'characters') OR ("ns"."nspname" = 'public' AND "t"."relname" = 'accounts') OR ("ns"."nspname" = 'public' AND "t"."relname" = 'bans'))
Parameters: undefined
-------------------------------------------------------------------------
-------------------------------------------------------------------------
Query: SELECT "ns"."nspname" AS "table_schema", "t"."relname" AS "table_name", "i"."relname" AS "constraint_name", "a"."attname" AS "column_name", CASE "ix"."indisunique" WHEN 't' THEN 'TRUE' ELSE'FALSE' END AS "is_unique", pg_get_expr("ix"."indpred", "ix"."indrelid") AS "condition", "types"."typname" AS "type_name" FROM "pg_class" "t" INNER JOIN "pg_index" "ix" ON "ix"."indrelid" = "t"."oid" INNER JOIN "pg_attribute" "a" ON "a"."attrelid" = "t"."oid"  AND "a"."attnum" = ANY ("ix"."indkey") INNER JOIN "pg_namespace" "ns" ON "ns"."oid" = "t"."relnamespace" INNER JOIN "pg_class" "i" ON "i"."oid" = "ix"."indexrelid" INNER JOIN "pg_type" "types" ON "types"."oid" = "a"."atttypid" LEFT JOIN "pg_constraint" "cnst" ON "cnst"."conname" = "i"."relname" WHERE "t"."relkind" IN ('r', 'p') AND "cnst"."contype" IS NULL AND (("ns"."nspname" = 'public' AND "t"."relname" = 'vehicles') OR ("ns"."nspname" = 'public' AND "t"."relname" = 'inventory_items') OR ("ns"."nspname" = 'public' AND "t"."relname" = 'bank_accounts') OR ("ns"."nspname" = 'public' AND "t"."relname" = 'characters') OR ("ns"."nspname" = 'public' AND "t"."relname" = 'accounts') OR ("ns"."nspname" = 'public' AND "t"."relname" = 'bans'))
Parameters: undefined
-------------------------------------------------------------------------
-------------------------------------------------------------------------
Query: SELECT "con"."conname" AS "constraint_name", "con"."nspname" AS "table_schema", "con"."relname" AS "table_name", "att2"."attname" AS "column_name", "ns"."nspname" AS "referenced_table_schema", "cl"."relname" AS "referenced_table_name", "att"."attname" AS "referenced_column_name", "con"."confdeltype" AS "on_delete", "con"."confupdtype" AS "on_update", "con"."condeferrable" AS "deferrable", "con"."condeferred" AS "deferred" FROM ( SELECT UNNEST ("con1"."conkey") AS "parent", UNNEST ("con1"."confkey") AS "child", "con1"."confrelid", "con1"."conrelid", "con1"."conname", "con1"."contype", "ns"."nspname", "cl"."relname", "con1"."condeferrable", CASE WHEN "con1"."condeferred" THEN 'INITIALLY DEFERRED' ELSE 'INITIALLY IMMEDIATE' END as condeferred, CASE "con1"."confdeltype" WHEN 'a' THEN 'NO ACTION' WHEN 'r' THEN 'RESTRICT' WHEN 'c' THEN 'CASCADE' WHEN 'n' THEN 'SET NULL' WHEN 'd' THEN 'SET DEFAULT' END as "confdeltype", CASE "con1"."confupdtype" WHEN 'a' THEN 'NO ACTION' WHEN 'r' THEN 'RESTRICT' WHEN 'c' THEN 'CASCADE' WHEN 'n' THEN 'SET NULL' WHEN 'd' THEN 'SET DEFAULT' END as "confupdtype" FROM "pg_class" "cl" INNER JOIN "pg_namespace" "ns" ON "cl"."relnamespace" = "ns"."oid" INNER JOIN "pg_constraint" "con1" ON "con1"."conrelid" = "cl"."oid" WHERE "con1"."contype" = 'f' AND (("ns"."nspname" = 'public' AND "cl"."relname" = 'vehicles') OR ("ns"."nspname" = 'public' AND "cl"."relname" = 'inventory_items') OR ("ns"."nspname" = 'public' AND "cl"."relname" = 'bank_accounts') OR ("ns"."nspname" = 'public' AND "cl"."relname" = 'characters') OR ("ns"."nspname" = 'public' AND "cl"."relname" = 'accounts') OR ("ns"."nspname" = 'public' AND "cl"."relname" = 'bans')) ) "con" INNER JOIN "pg_attribute" "att" ON "att"."attrelid" = "con"."confrelid" AND "att"."attnum" = "con"."child" INNER JOIN "pg_class" "cl" ON "cl"."oid" = "con"."confrelid"  AND "cl"."relispartition" = 'f'INNER JOIN "pg_namespace" "ns" ON "cl"."relnamespace" = "ns"."oid" INNER JOIN "pg_attribute" "att2" ON "att2"."attrelid" = "con"."conrelid" AND "att2"."attnum" = "con"."parent"
Parameters: undefined
-------------------------------------------------------------------------
-------------------------------------------------------------------------
Query: SELECT * FROM "information_schema"."tables" WHERE "table_schema" = 'public' AND "table_name" = 'typeorm_metadata'
Parameters: undefined
-------------------------------------------------------------------------
-------------------------------------------------------------------------
Query: COMMIT
Parameters: undefined
-------------------------------------------------------------------------
-------------------------------------------------------------------------
Query: SELECT * FROM current_schema()
Parameters: undefined
-------------------------------------------------------------------------
-------------------------------------------------------------------------
Query: SELECT version();
Parameters: undefined
-------------------------------------------------------------------------
-------------------------------------------------------------------------
Query: START TRANSACTION
Parameters: undefined
-------------------------------------------------------------------------
-------------------------------------------------------------------------
Query: SELECT * FROM current_schema()
Parameters: undefined
-------------------------------------------------------------------------
-------------------------------------------------------------------------
Query: SELECT * FROM current_database()
Parameters: undefined
-------------------------------------------------------------------------
-------------------------------------------------------------------------
Query: SELECT "table_schema", "table_name" FROM "information_schema"."tables" WHERE ("table_schema" = 'public' AND "table_name" = 'vehicles') OR ("table_schema" = 'public' AND "table_name" = 'inventory_items') OR ("table_schema" = 'public' AND "table_name" = 'bank_accounts') OR ("table_schema" = 'public' AND "table_name" = 'characters') OR ("table_schema" = 'public' AND "table_name" = 'accounts') OR ("table_schema" = 'public' AND "table_name" = 'bans')
Parameters: undefined
-------------------------------------------------------------------------
-------------------------------------------------------------------------
Query: SELECT TRUE FROM information_schema.columns WHERE table_name = 'pg_class' and column_name = 'relispartition'
Parameters: undefined
-------------------------------------------------------------------------
-------------------------------------------------------------------------
Query: SELECT columns.*, pg_catalog.col_description(('"' || table_catalog || '"."' || table_schema || '"."' || table_name || '"')::regclass::oid, ordinal_position) AS description, ('"' || "udt_schema" || '"."' || "udt_name" || '"')::"regtype" AS "regtype", pg_catalog.format_type("col_attr"."atttypid", "col_attr"."atttypmod") AS "format_type" FROM "information_schema"."columns" LEFT JOIN "pg_catalog"."pg_attribute" AS "col_attr" ON "col_attr"."attname" = "columns"."column_name" AND "col_attr"."attrelid" = ( SELECT "cls"."oid" FROM "pg_catalog"."pg_class" AS "cls" LEFT JOIN "pg_catalog"."pg_namespace" AS "ns" ON "ns"."oid" = "cls"."relnamespace" WHERE "cls"."relname" = "columns"."table_name" AND "ns"."nspname" = "columns"."table_schema" ) WHERE ("table_schema" = 'public' AND "table_name" = 'vehicles') OR ("table_schema" = 'public' AND "table_name" = 'inventory_items') OR ("table_schema" = 'public' AND "table_name" = 'bank_accounts') OR ("table_schema" = 'public' AND "table_name" = 'characters') OR ("table_schema" = 'public' AND "table_name" = 'accounts') OR ("table_schema" = 'public' AND "table_name" = 'bans')
Parameters: undefined
-------------------------------------------------------------------------
-------------------------------------------------------------------------
Query: SELECT "ns"."nspname" AS "table_schema", "t"."relname" AS "table_name", "cnst"."conname" AS "constraint_name", pg_get_constraintdef("cnst"."oid") AS "expression", CASE "cnst"."contype" WHEN 'p' THEN 'PRIMARY' WHEN 'u' THEN 'UNIQUE' WHEN 'c' THEN 'CHECK' WHEN 'x' THEN 'EXCLUDE' END AS "constraint_type", "a"."attname" AS "column_name" FROM "pg_constraint" "cnst" INNER JOIN "pg_class" "t" ON "t"."oid" = "cnst"."conrelid" INNER JOIN "pg_namespace" "ns" ON "ns"."oid" = "cnst"."connamespace" LEFT JOIN "pg_attribute" "a" ON "a"."attrelid" = "cnst"."conrelid" AND "a"."attnum" = ANY ("cnst"."conkey") WHERE "t"."relkind" IN ('r', 'p') AND (("ns"."nspname" = 'public' AND "t"."relname" = 'vehicles') OR ("ns"."nspname" = 'public' AND "t"."relname" = 'inventory_items') OR ("ns"."nspname" = 'public' AND "t"."relname" = 'bank_accounts') OR ("ns"."nspname" = 'public' AND "t"."relname" = 'characters') OR ("ns"."nspname" = 'public' AND "t"."relname" = 'accounts') OR ("ns"."nspname" = 'public' AND "t"."relname" = 'bans'))
Parameters: undefined
-------------------------------------------------------------------------
-------------------------------------------------------------------------
Query: SELECT "ns"."nspname" AS "table_schema", "t"."relname" AS "table_name", "i"."relname" AS "constraint_name", "a"."attname" AS "column_name", CASE "ix"."indisunique" WHEN 't' THEN 'TRUE' ELSE'FALSE' END AS "is_unique", pg_get_expr("ix"."indpred", "ix"."indrelid") AS "condition", "types"."typname" AS "type_name" FROM "pg_class" "t" INNER JOIN "pg_index" "ix" ON "ix"."indrelid" = "t"."oid" INNER JOIN "pg_attribute" "a" ON "a"."attrelid" = "t"."oid"  AND "a"."attnum" = ANY ("ix"."indkey") INNER JOIN "pg_namespace" "ns" ON "ns"."oid" = "t"."relnamespace" INNER JOIN "pg_class" "i" ON "i"."oid" = "ix"."indexrelid" INNER JOIN "pg_type" "types" ON "types"."oid" = "a"."atttypid" LEFT JOIN "pg_constraint" "cnst" ON "cnst"."conname" = "i"."relname" WHERE "t"."relkind" IN ('r', 'p') AND "cnst"."contype" IS NULL AND (("ns"."nspname" = 'public' AND "t"."relname" = 'vehicles') OR ("ns"."nspname" = 'public' AND "t"."relname" = 'inventory_items') OR ("ns"."nspname" = 'public' AND "t"."relname" = 'bank_accounts') OR ("ns"."nspname" = 'public' AND "t"."relname" = 'characters') OR ("ns"."nspname" = 'public' AND "t"."relname" = 'accounts') OR ("ns"."nspname" = 'public' AND "t"."relname" = 'bans'))
Parameters: undefined
-------------------------------------------------------------------------
-------------------------------------------------------------------------
Query: SELECT "con"."conname" AS "constraint_name", "con"."nspname" AS "table_schema", "con"."relname" AS "table_name", "att2"."attname" AS "column_name", "ns"."nspname" AS "referenced_table_schema", "cl"."relname" AS "referenced_table_name", "att"."attname" AS "referenced_column_name", "con"."confdeltype" AS "on_delete", "con"."confupdtype" AS "on_update", "con"."condeferrable" AS "deferrable", "con"."condeferred" AS "deferred" FROM ( SELECT UNNEST ("con1"."conkey") AS "parent", UNNEST ("con1"."confkey") AS "child", "con1"."confrelid", "con1"."conrelid", "con1"."conname", "con1"."contype", "ns"."nspname", "cl"."relname", "con1"."condeferrable", CASE WHEN "con1"."condeferred" THEN 'INITIALLY DEFERRED' ELSE 'INITIALLY IMMEDIATE' END as condeferred, CASE "con1"."confdeltype" WHEN 'a' THEN 'NO ACTION' WHEN 'r' THEN 'RESTRICT' WHEN 'c' THEN 'CASCADE' WHEN 'n' THEN 'SET NULL' WHEN 'd' THEN 'SET DEFAULT' END as "confdeltype", CASE "con1"."confupdtype" WHEN 'a' THEN 'NO ACTION' WHEN 'r' THEN 'RESTRICT' WHEN 'c' THEN 'CASCADE' WHEN 'n' THEN 'SET NULL' WHEN 'd' THEN 'SET DEFAULT' END as "confupdtype" FROM "pg_class" "cl" INNER JOIN "pg_namespace" "ns" ON "cl"."relnamespace" = "ns"."oid" INNER JOIN "pg_constraint" "con1" ON "con1"."conrelid" = "cl"."oid" WHERE "con1"."contype" = 'f' AND (("ns"."nspname" = 'public' AND "cl"."relname" = 'vehicles') OR ("ns"."nspname" = 'public' AND "cl"."relname" = 'inventory_items') OR ("ns"."nspname" = 'public' AND "cl"."relname" = 'bank_accounts') OR ("ns"."nspname" = 'public' AND "cl"."relname" = 'characters') OR ("ns"."nspname" = 'public' AND "cl"."relname" = 'accounts') OR ("ns"."nspname" = 'public' AND "cl"."relname" = 'bans')) ) "con" INNER JOIN "pg_attribute" "att" ON "att"."attrelid" = "con"."confrelid" AND "att"."attnum" = "con"."child" INNER JOIN "pg_class" "cl" ON "cl"."oid" = "con"."confrelid"  AND "cl"."relispartition" = 'f'INNER JOIN "pg_namespace" "ns" ON "cl"."relnamespace" = "ns"."oid" INNER JOIN "pg_attribute" "att2" ON "att2"."attrelid" = "con"."conrelid" AND "att2"."attnum" = "con"."parent"
Parameters: undefined
-------------------------------------------------------------------------
-------------------------------------------------------------------------
Query: SELECT * FROM "information_schema"."tables" WHERE "table_schema" = 'public' AND "table_name" = 'typeorm_metadata'
Parameters: undefined
-------------------------------------------------------------------------
-------------------------------------------------------------------------
Query: COMMIT
Parameters: undefined
-------------------------------------------------------------------------
-------------------------------------------------------------------------
Query: SELECT * FROM current_schema()
Parameters: undefined
-------------------------------------------------------------------------
-------------------------------------------------------------------------
Query: SELECT version();
Parameters: undefined
-------------------------------------------------------------------------
-------------------------------------------------------------------------
Query: START TRANSACTION
Parameters: undefined
-------------------------------------------------------------------------
-------------------------------------------------------------------------
Query: SELECT * FROM current_schema()
Parameters: undefined
-------------------------------------------------------------------------
-------------------------------------------------------------------------
Query: SELECT * FROM current_database()
Parameters: undefined
-------------------------------------------------------------------------
-------------------------------------------------------------------------
Query: SELECT "table_schema", "table_name" FROM "information_schema"."tables" WHERE ("table_schema" = 'public' AND "table_name" = 'vehicles') OR ("table_schema" = 'public' AND "table_name" = 'inventory_items') OR ("table_schema" = 'public' AND "table_name" = 'bank_accounts') OR ("table_schema" = 'public' AND "table_name" = 'characters') OR ("table_schema" = 'public' AND "table_name" = 'accounts') OR ("table_schema" = 'public' AND "table_name" = 'bans')
Parameters: undefined
-------------------------------------------------------------------------
-------------------------------------------------------------------------
Query: SELECT TRUE FROM information_schema.columns WHERE table_name = 'pg_class' and column_name = 'relispartition'
Parameters: undefined
-------------------------------------------------------------------------
-------------------------------------------------------------------------
Query: SELECT columns.*, pg_catalog.col_description(('"' || table_catalog || '"."' || table_schema || '"."' || table_name || '"')::regclass::oid, ordinal_position) AS description, ('"' || "udt_schema" || '"."' || "udt_name" || '"')::"regtype" AS "regtype", pg_catalog.format_type("col_attr"."atttypid", "col_attr"."atttypmod") AS "format_type" FROM "information_schema"."columns" LEFT JOIN "pg_catalog"."pg_attribute" AS "col_attr" ON "col_attr"."attname" = "columns"."column_name" AND "col_attr"."attrelid" = ( SELECT "cls"."oid" FROM "pg_catalog"."pg_class" AS "cls" LEFT JOIN "pg_catalog"."pg_namespace" AS "ns" ON "ns"."oid" = "cls"."relnamespace" WHERE "cls"."relname" = "columns"."table_name" AND "ns"."nspname" = "columns"."table_schema" ) WHERE ("table_schema" = 'public' AND "table_name" = 'vehicles') OR ("table_schema" = 'public' AND "table_name" = 'inventory_items') OR ("table_schema" = 'public' AND "table_name" = 'bank_accounts') OR ("table_schema" = 'public' AND "table_name" = 'characters') OR ("table_schema" = 'public' AND "table_name" = 'accounts') OR ("table_schema" = 'public' AND "table_name" = 'bans')
Parameters: undefined
-------------------------------------------------------------------------
-------------------------------------------------------------------------
Query: SELECT "ns"."nspname" AS "table_schema", "t"."relname" AS "table_name", "cnst"."conname" AS "constraint_name", pg_get_constraintdef("cnst"."oid") AS "expression", CASE "cnst"."contype" WHEN 'p' THEN 'PRIMARY' WHEN 'u' THEN 'UNIQUE' WHEN 'c' THEN 'CHECK' WHEN 'x' THEN 'EXCLUDE' END AS "constraint_type", "a"."attname" AS "column_name" FROM "pg_constraint" "cnst" INNER JOIN "pg_class" "t" ON "t"."oid" = "cnst"."conrelid" INNER JOIN "pg_namespace" "ns" ON "ns"."oid" = "cnst"."connamespace" LEFT JOIN "pg_attribute" "a" ON "a"."attrelid" = "cnst"."conrelid" AND "a"."attnum" = ANY ("cnst"."conkey") WHERE "t"."relkind" IN ('r', 'p') AND (("ns"."nspname" = 'public' AND "t"."relname" = 'vehicles') OR ("ns"."nspname" = 'public' AND "t"."relname" = 'inventory_items') OR ("ns"."nspname" = 'public' AND "t"."relname" = 'bank_accounts') OR ("ns"."nspname" = 'public' AND "t"."relname" = 'characters') OR ("ns"."nspname" = 'public' AND "t"."relname" = 'accounts') OR ("ns"."nspname" = 'public' AND "t"."relname" = 'bans'))
Parameters: undefined
-------------------------------------------------------------------------
-------------------------------------------------------------------------
Query: SELECT "ns"."nspname" AS "table_schema", "t"."relname" AS "table_name", "i"."relname" AS "constraint_name", "a"."attname" AS "column_name", CASE "ix"."indisunique" WHEN 't' THEN 'TRUE' ELSE'FALSE' END AS "is_unique", pg_get_expr("ix"."indpred", "ix"."indrelid") AS "condition", "types"."typname" AS "type_name" FROM "pg_class" "t" INNER JOIN "pg_index" "ix" ON "ix"."indrelid" = "t"."oid" INNER JOIN "pg_attribute" "a" ON "a"."attrelid" = "t"."oid"  AND "a"."attnum" = ANY ("ix"."indkey") INNER JOIN "pg_namespace" "ns" ON "ns"."oid" = "t"."relnamespace" INNER JOIN "pg_class" "i" ON "i"."oid" = "ix"."indexrelid" INNER JOIN "pg_type" "types" ON "types"."oid" = "a"."atttypid" LEFT JOIN "pg_constraint" "cnst" ON "cnst"."conname" = "i"."relname" WHERE "t"."relkind" IN ('r', 'p') AND "cnst"."contype" IS NULL AND (("ns"."nspname" = 'public' AND "t"."relname" = 'vehicles') OR ("ns"."nspname" = 'public' AND "t"."relname" = 'inventory_items') OR ("ns"."nspname" = 'public' AND "t"."relname" = 'bank_accounts') OR ("ns"."nspname" = 'public' AND "t"."relname" = 'characters') OR ("ns"."nspname" = 'public' AND "t"."relname" = 'accounts') OR ("ns"."nspname" = 'public' AND "t"."relname" = 'bans'))
Parameters: undefined
-------------------------------------------------------------------------
-------------------------------------------------------------------------
Query: SELECT "con"."conname" AS "constraint_name", "con"."nspname" AS "table_schema", "con"."relname" AS "table_name", "att2"."attname" AS "column_name", "ns"."nspname" AS "referenced_table_schema", "cl"."relname" AS "referenced_table_name", "att"."attname" AS "referenced_column_name", "con"."confdeltype" AS "on_delete", "con"."confupdtype" AS "on_update", "con"."condeferrable" AS "deferrable", "con"."condeferred" AS "deferred" FROM ( SELECT UNNEST ("con1"."conkey") AS "parent", UNNEST ("con1"."confkey") AS "child", "con1"."confrelid", "con1"."conrelid", "con1"."conname", "con1"."contype", "ns"."nspname", "cl"."relname", "con1"."condeferrable", CASE WHEN "con1"."condeferred" THEN 'INITIALLY DEFERRED' ELSE 'INITIALLY IMMEDIATE' END as condeferred, CASE "con1"."confdeltype" WHEN 'a' THEN 'NO ACTION' WHEN 'r' THEN 'RESTRICT' WHEN 'c' THEN 'CASCADE' WHEN 'n' THEN 'SET NULL' WHEN 'd' THEN 'SET DEFAULT' END as "confdeltype", CASE "con1"."confupdtype" WHEN 'a' THEN 'NO ACTION' WHEN 'r' THEN 'RESTRICT' WHEN 'c' THEN 'CASCADE' WHEN 'n' THEN 'SET NULL' WHEN 'd' THEN 'SET DEFAULT' END as "confupdtype" FROM "pg_class" "cl" INNER JOIN "pg_namespace" "ns" ON "cl"."relnamespace" = "ns"."oid" INNER JOIN "pg_constraint" "con1" ON "con1"."conrelid" = "cl"."oid" WHERE "con1"."contype" = 'f' AND (("ns"."nspname" = 'public' AND "cl"."relname" = 'vehicles') OR ("ns"."nspname" = 'public' AND "cl"."relname" = 'inventory_items') OR ("ns"."nspname" = 'public' AND "cl"."relname" = 'bank_accounts') OR ("ns"."nspname" = 'public' AND "cl"."relname" = 'characters') OR ("ns"."nspname" = 'public' AND "cl"."relname" = 'accounts') OR ("ns"."nspname" = 'public' AND "cl"."relname" = 'bans')) ) "con" INNER JOIN "pg_attribute" "att" ON "att"."attrelid" = "con"."confrelid" AND "att"."attnum" = "con"."child" INNER JOIN "pg_class" "cl" ON "cl"."oid" = "con"."confrelid"  AND "cl"."relispartition" = 'f'INNER JOIN "pg_namespace" "ns" ON "cl"."relnamespace" = "ns"."oid" INNER JOIN "pg_attribute" "att2" ON "att2"."attrelid" = "con"."conrelid" AND "att2"."attnum" = "con"."parent"
Parameters: undefined
-------------------------------------------------------------------------
-------------------------------------------------------------------------
Query: SELECT * FROM "information_schema"."tables" WHERE "table_schema" = 'public' AND "table_name" = 'typeorm_metadata'
Parameters: undefined
-------------------------------------------------------------------------
-------------------------------------------------------------------------
Query: COMMIT
Parameters: undefined
-------------------------------------------------------------------------
-------------------------------------------------------------------------
Query: SELECT "BanEntity"."id" AS "BanEntity_id", "BanEntity"."ip" AS "BanEntity_ip", "BanEntity"."rsgId" AS "BanEntity_rsgId", "BanEntity"."username" AS "BanEntity_username", "BanEntity"."serial" AS "BanEntity_serial", "BanEntity"."reason" AS "BanEntity_reason", "BanEntity"."bannedBy" AS "BanEntity_bannedBy", "BanEntity"."bannedByLevel" AS "BanEntity_bannedByLevel", "BanEntity"."lifttime" AS "BanEntity_lifttime" FROM "bans" "BanEntity" WHERE (("BanEntity"."serial" = $1) OR ("BanEntity"."ip" = $2) OR ("BanEntity"."username" = $3) OR ("BanEntity"."rsgId" = $4)) LIMIT 1
Parameters: DEB488D000D25078C2F47EA05270C5E07A301C00DF2039B0E2E4E8D8E88AE240D86800ECF0FA9ED04A305E604FE40680B400F9C0BB8CBEB078E4D814E6C4A280,127.0.0.1,tacticalwired,256659239
-------------------------------------------------------------------------
-------------------------------------------------------------------------
Query: SELECT "AccountEntity"."id" AS "AccountEntity_id", "AccountEntity"."username" AS "AccountEntity_username", "AccountEntity"."password" AS "AccountEntity_password", "AccountEntity"."email" AS "AccountEntity_email", "AccountEntity"."socialClubId" AS "AccountEntity_socialClubId" FROM "accounts" "AccountEntity" WHERE ("AccountEntity"."username" = $1) LIMIT 1
Parameters: tacticalwired
-------------------------------------------------------------------------
-------------------------------------------------------------------------
Query: SELECT DISTINCT "distinctAlias"."CharacterEntity_id" AS "ids_CharacterEntity_id" FROM (SELECT "CharacterEntity"."id" AS "CharacterEntity_id", "CharacterEntity"."adminlevel" AS "CharacterEntity_adminlevel", "CharacterEntity"."appearance" AS "CharacterEntity_appearance", "CharacterEntity"."lastlogin" AS "CharacterEntity_lastlogin", "CharacterEntity"."name" AS "CharacterEntity_name", "CharacterEntity"."gender" AS "CharacterEntity_gender", "CharacterEntity"."level" AS "CharacterEntity_level", "CharacterEntity"."position" AS "CharacterEntity_position", "CharacterEntity"."wantedLevel" AS "CharacterEntity_wantedLevel", "CharacterEntity"."deathState" AS "CharacterEntity_deathState", "CharacterEntity"."cash" AS "CharacterEntity_cash", "CharacterEntity"."accountId" AS "CharacterEntity_accountId", "CharacterEntity"."itemsId" AS "CharacterEntity_itemsId" FROM "characters" "CharacterEntity" LEFT JOIN "accounts" "CharacterEntity__CharacterEntity_account" ON "CharacterEntity__CharacterEntity_account"."id"="CharacterEntity"."accountId" WHERE ("CharacterEntity__CharacterEntity_account"."id" = $1)) "distinctAlias" ORDER BY "CharacterEntity_id" ASC LIMIT 3
Parameters: 1
-------------------------------------------------------------------------
-------------------------------------------------------------------------
Query: SELECT "CharacterEntity"."id" AS "CharacterEntity_id", "CharacterEntity"."adminlevel" AS "CharacterEntity_adminlevel", "CharacterEntity"."appearance" AS "CharacterEntity_appearance", "CharacterEntity"."lastlogin" AS "CharacterEntity_lastlogin", "CharacterEntity"."name" AS "CharacterEntity_name", "CharacterEntity"."gender" AS "CharacterEntity_gender", "CharacterEntity"."level" AS "CharacterEntity_level", "CharacterEntity"."position" AS "CharacterEntity_position", "CharacterEntity"."wantedLevel" AS "CharacterEntity_wantedLevel", "CharacterEntity"."deathState" AS "CharacterEntity_deathState", "CharacterEntity"."cash" AS "CharacterEntity_cash", "CharacterEntity"."accountId" AS "CharacterEntity_accountId", "CharacterEntity"."itemsId" AS "CharacterEntity_itemsId" FROM "characters" "CharacterEntity" LEFT JOIN "accounts" "CharacterEntity__CharacterEntity_account" ON "CharacterEntity__CharacterEntity_account"."id"="CharacterEntity"."accountId" WHERE ( ("CharacterEntity__CharacterEntity_account"."id" = $1) ) AND ( "CharacterEntity"."id" IN (1) )
Parameters: 1
-------------------------------------------------------------------------
-------------------------------------------------------------------------
Query: SELECT DISTINCT "distinctAlias"."CharacterEntity_id" AS "ids_CharacterEntity_id" FROM (SELECT "CharacterEntity"."id" AS "CharacterEntity_id", "CharacterEntity"."adminlevel" AS "CharacterEntity_adminlevel", "CharacterEntity"."appearance" AS "CharacterEntity_appearance", "CharacterEntity"."lastlogin" AS "CharacterEntity_lastlogin", "CharacterEntity"."name" AS "CharacterEntity_name", "CharacterEntity"."gender" AS "CharacterEntity_gender", "CharacterEntity"."level" AS "CharacterEntity_level", "CharacterEntity"."position" AS "CharacterEntity_position", "CharacterEntity"."wantedLevel" AS "CharacterEntity_wantedLevel", "CharacterEntity"."deathState" AS "CharacterEntity_deathState", "CharacterEntity"."cash" AS "CharacterEntity_cash", "CharacterEntity"."accountId" AS "CharacterEntity_accountId", "CharacterEntity"."itemsId" AS "CharacterEntity_itemsId", "CharacterEntity__CharacterEntity_items"."id" AS "CharacterEntity__CharacterEntity_items_id", "CharacterEntity__CharacterEntity_items"."clothes" AS "CharacterEntity__CharacterEntity_items_clothes", "CharacterEntity__CharacterEntity_items"."pockets" AS "CharacterEntity__CharacterEntity_items_pockets", "CharacterEntity__CharacterEntity_items"."quickUse" AS "CharacterEntity__CharacterEntity_items_quickUse", "CharacterEntity__CharacterEntity_bank"."id" AS "CharacterEntity__CharacterEntity_bank_id", "CharacterEntity__CharacterEntity_bank"."isPrimary" AS "CharacterEntity__CharacterEntity_bank_isPrimary", "CharacterEntity__CharacterEntity_bank"."accountnumber" AS "CharacterEntity__CharacterEntity_bank_accountnumber", "CharacterEntity__CharacterEntity_bank"."pincode" AS "CharacterEntity__CharacterEntity_bank_pincode", "CharacterEntity__CharacterEntity_bank"."balance" AS "CharacterEntity__CharacterEntity_bank_balance", "CharacterEntity__CharacterEntity_bank"."accountholder" AS "CharacterEntity__CharacterEntity_bank_accountholder", "CharacterEntity__CharacterEntity_bank"."characterId" AS "CharacterEntity__CharacterEntity_bank_characterId" FROM "characters" "CharacterEntity" LEFT JOIN "inventory_items" "CharacterEntity__CharacterEntity_items" ON "CharacterEntity__CharacterEntity_items"."id"="CharacterEntity"."itemsId"  LEFT JOIN "bank_accounts" "CharacterEntity__CharacterEntity_bank" ON "CharacterEntity__CharacterEntity_bank"."characterId"="CharacterEntity"."id" WHERE ("CharacterEntity"."id" = $1)) "distinctAlias" ORDER BY "CharacterEntity_id" ASC LIMIT 1
Parameters: 1
-------------------------------------------------------------------------
-------------------------------------------------------------------------
Query: SELECT "CharacterEntity"."id" AS "CharacterEntity_id", "CharacterEntity"."adminlevel" AS "CharacterEntity_adminlevel", "CharacterEntity"."appearance" AS "CharacterEntity_appearance", "CharacterEntity"."lastlogin" AS "CharacterEntity_lastlogin", "CharacterEntity"."name" AS "CharacterEntity_name", "CharacterEntity"."gender" AS "CharacterEntity_gender", "CharacterEntity"."level" AS "CharacterEntity_level", "CharacterEntity"."position" AS "CharacterEntity_position", "CharacterEntity"."wantedLevel" AS "CharacterEntity_wantedLevel", "CharacterEntity"."deathState" AS "CharacterEntity_deathState", "CharacterEntity"."cash" AS "CharacterEntity_cash", "CharacterEntity"."accountId" AS "CharacterEntity_accountId", "CharacterEntity"."itemsId" AS "CharacterEntity_itemsId", "CharacterEntity__CharacterEntity_items"."id" AS "CharacterEntity__CharacterEntity_items_id", "CharacterEntity__CharacterEntity_items"."clothes" AS "CharacterEntity__CharacterEntity_items_clothes", "CharacterEntity__CharacterEntity_items"."pockets" AS "CharacterEntity__CharacterEntity_items_pockets", "CharacterEntity__CharacterEntity_items"."quickUse" AS "CharacterEntity__CharacterEntity_items_quickUse", "CharacterEntity__CharacterEntity_bank"."id" AS "CharacterEntity__CharacterEntity_bank_id", "CharacterEntity__CharacterEntity_bank"."isPrimary" AS "CharacterEntity__CharacterEntity_bank_isPrimary", "CharacterEntity__CharacterEntity_bank"."accountnumber" AS "CharacterEntity__CharacterEntity_bank_accountnumber", "CharacterEntity__CharacterEntity_bank"."pincode" AS "CharacterEntity__CharacterEntity_bank_pincode", "CharacterEntity__CharacterEntity_bank"."balance" AS "CharacterEntity__CharacterEntity_bank_balance", "CharacterEntity__CharacterEntity_bank"."accountholder" AS "CharacterEntity__CharacterEntity_bank_accountholder", "CharacterEntity__CharacterEntity_bank"."characterId" AS "CharacterEntity__CharacterEntity_bank_characterId" FROM "characters" "CharacterEntity" LEFT JOIN "inventory_items" "CharacterEntity__CharacterEntity_items" ON "CharacterEntity__CharacterEntity_items"."id"="CharacterEntity"."itemsId"  LEFT JOIN "bank_accounts" "CharacterEntity__CharacterEntity_bank" ON "CharacterEntity__CharacterEntity_bank"."characterId"="CharacterEntity"."id" WHERE ( ("CharacterEntity"."id" = $1) ) AND ( "CharacterEntity"."id" IN (1) )
Parameters: 1
-------------------------------------------------------------------------
-------------------------------------------------------------------------
Query: UPDATE "inventory_items" SET "pockets" = $1, "clothes" = $2, "quickUse" = $3 WHERE "id" = $4
Parameters: {"0":null,"1":null,"2":null,"3":null,"4":null,"5":null,"6":null,"7":null,"8":null,"9":null,"10":null,"11":null,"12":null,"13":null,"14":null,"15":null,"16":null,"17":null},{"0":null,"1":null,"2":null,"3":null,"4":null,"5":null,"6":null,"7":null,"8":null,"9":null,"10":null,"11":null,"12":null,"13":null},{"0":null,"1":null,"2":null,"3":null,"4":null,"5":null},1
-------------------------------------------------------------------------
-------------------------------------------------------------------------
Query: UPDATE "characters" SET "position" = $1, "lastlogin" = $2, "deathState" = $3, "cash" = $4 WHERE "id" IN ($5)
Parameters: {"x":-311.052001953125,"y":-1450.8653564453125,"z":31.2570858001709,"heading":-0.5782710909843445},Fri Dec 19 2025 11:31:02 GMT-0300 (GMT-03:00),0,1500,1
-------------------------------------------------------------------------
-------------------------------------------------------------------------
Query: SELECT * FROM current_schema()
Parameters: undefined
-------------------------------------------------------------------------
-------------------------------------------------------------------------
Query: SELECT version();
Parameters: undefined
-------------------------------------------------------------------------
-------------------------------------------------------------------------
Query: START TRANSACTION
Parameters: undefined
-------------------------------------------------------------------------
-------------------------------------------------------------------------
Query: SELECT * FROM current_schema()
Parameters: undefined
-------------------------------------------------------------------------
-------------------------------------------------------------------------
Query: SELECT * FROM current_database()
Parameters: undefined
-------------------------------------------------------------------------
-------------------------------------------------------------------------
Query: SELECT "table_schema", "table_name" FROM "information_schema"."tables" WHERE ("table_schema" = 'public' AND "table_name" = 'vehicles') OR ("table_schema" = 'public' AND "table_name" = 'inventory_items') OR ("table_schema" = 'public' AND "table_name" = 'bank_accounts') OR ("table_schema" = 'public' AND "table_name" = 'characters') OR ("table_schema" = 'public' AND "table_name" = 'accounts') OR ("table_schema" = 'public' AND "table_name" = 'bans')
Parameters: undefined
-------------------------------------------------------------------------
-------------------------------------------------------------------------
Query: SELECT TRUE FROM information_schema.columns WHERE table_name = 'pg_class' and column_name = 'relispartition'
Parameters: undefined
-------------------------------------------------------------------------
-------------------------------------------------------------------------
Query: SELECT columns.*, pg_catalog.col_description(('"' || table_catalog || '"."' || table_schema || '"."' || table_name || '"')::regclass::oid, ordinal_position) AS description, ('"' || "udt_schema" || '"."' || "udt_name" || '"')::"regtype" AS "regtype", pg_catalog.format_type("col_attr"."atttypid", "col_attr"."atttypmod") AS "format_type" FROM "information_schema"."columns" LEFT JOIN "pg_catalog"."pg_attribute" AS "col_attr" ON "col_attr"."attname" = "columns"."column_name" AND "col_attr"."attrelid" = ( SELECT "cls"."oid" FROM "pg_catalog"."pg_class" AS "cls" LEFT JOIN "pg_catalog"."pg_namespace" AS "ns" ON "ns"."oid" = "cls"."relnamespace" WHERE "cls"."relname" = "columns"."table_name" AND "ns"."nspname" = "columns"."table_schema" ) WHERE ("table_schema" = 'public' AND "table_name" = 'vehicles') OR ("table_schema" = 'public' AND "table_name" = 'inventory_items') OR ("table_schema" = 'public' AND "table_name" = 'bank_accounts') OR ("table_schema" = 'public' AND "table_name" = 'characters') OR ("table_schema" = 'public' AND "table_name" = 'accounts') OR ("table_schema" = 'public' AND "table_name" = 'bans')
Parameters: undefined
-------------------------------------------------------------------------
-------------------------------------------------------------------------
Query: SELECT "ns"."nspname" AS "table_schema", "t"."relname" AS "table_name", "cnst"."conname" AS "constraint_name", pg_get_constraintdef("cnst"."oid") AS "expression", CASE "cnst"."contype" WHEN 'p' THEN 'PRIMARY' WHEN 'u' THEN 'UNIQUE' WHEN 'c' THEN 'CHECK' WHEN 'x' THEN 'EXCLUDE' END AS "constraint_type", "a"."attname" AS "column_name" FROM "pg_constraint" "cnst" INNER JOIN "pg_class" "t" ON "t"."oid" = "cnst"."conrelid" INNER JOIN "pg_namespace" "ns" ON "ns"."oid" = "cnst"."connamespace" LEFT JOIN "pg_attribute" "a" ON "a"."attrelid" = "cnst"."conrelid" AND "a"."attnum" = ANY ("cnst"."conkey") WHERE "t"."relkind" IN ('r', 'p') AND (("ns"."nspname" = 'public' AND "t"."relname" = 'vehicles') OR ("ns"."nspname" = 'public' AND "t"."relname" = 'inventory_items') OR ("ns"."nspname" = 'public' AND "t"."relname" = 'bank_accounts') OR ("ns"."nspname" = 'public' AND "t"."relname" = 'characters') OR ("ns"."nspname" = 'public' AND "t"."relname" = 'accounts') OR ("ns"."nspname" = 'public' AND "t"."relname" = 'bans'))
Parameters: undefined
-------------------------------------------------------------------------
-------------------------------------------------------------------------
Query: SELECT "ns"."nspname" AS "table_schema", "t"."relname" AS "table_name", "i"."relname" AS "constraint_name", "a"."attname" AS "column_name", CASE "ix"."indisunique" WHEN 't' THEN 'TRUE' ELSE'FALSE' END AS "is_unique", pg_get_expr("ix"."indpred", "ix"."indrelid") AS "condition", "types"."typname" AS "type_name" FROM "pg_class" "t" INNER JOIN "pg_index" "ix" ON "ix"."indrelid" = "t"."oid" INNER JOIN "pg_attribute" "a" ON "a"."attrelid" = "t"."oid"  AND "a"."attnum" = ANY ("ix"."indkey") INNER JOIN "pg_namespace" "ns" ON "ns"."oid" = "t"."relnamespace" INNER JOIN "pg_class" "i" ON "i"."oid" = "ix"."indexrelid" INNER JOIN "pg_type" "types" ON "types"."oid" = "a"."atttypid" LEFT JOIN "pg_constraint" "cnst" ON "cnst"."conname" = "i"."relname" WHERE "t"."relkind" IN ('r', 'p') AND "cnst"."contype" IS NULL AND (("ns"."nspname" = 'public' AND "t"."relname" = 'vehicles') OR ("ns"."nspname" = 'public' AND "t"."relname" = 'inventory_items') OR ("ns"."nspname" = 'public' AND "t"."relname" = 'bank_accounts') OR ("ns"."nspname" = 'public' AND "t"."relname" = 'characters') OR ("ns"."nspname" = 'public' AND "t"."relname" = 'accounts') OR ("ns"."nspname" = 'public' AND "t"."relname" = 'bans'))
Parameters: undefined
-------------------------------------------------------------------------
-------------------------------------------------------------------------
Query: SELECT "con"."conname" AS "constraint_name", "con"."nspname" AS "table_schema", "con"."relname" AS "table_name", "att2"."attname" AS "column_name", "ns"."nspname" AS "referenced_table_schema", "cl"."relname" AS "referenced_table_name", "att"."attname" AS "referenced_column_name", "con"."confdeltype" AS "on_delete", "con"."confupdtype" AS "on_update", "con"."condeferrable" AS "deferrable", "con"."condeferred" AS "deferred" FROM ( SELECT UNNEST ("con1"."conkey") AS "parent", UNNEST ("con1"."confkey") AS "child", "con1"."confrelid", "con1"."conrelid", "con1"."conname", "con1"."contype", "ns"."nspname", "cl"."relname", "con1"."condeferrable", CASE WHEN "con1"."condeferred" THEN 'INITIALLY DEFERRED' ELSE 'INITIALLY IMMEDIATE' END as condeferred, CASE "con1"."confdeltype" WHEN 'a' THEN 'NO ACTION' WHEN 'r' THEN 'RESTRICT' WHEN 'c' THEN 'CASCADE' WHEN 'n' THEN 'SET NULL' WHEN 'd' THEN 'SET DEFAULT' END as "confdeltype", CASE "con1"."confupdtype" WHEN 'a' THEN 'NO ACTION' WHEN 'r' THEN 'RESTRICT' WHEN 'c' THEN 'CASCADE' WHEN 'n' THEN 'SET NULL' WHEN 'd' THEN 'SET DEFAULT' END as "confupdtype" FROM "pg_class" "cl" INNER JOIN "pg_namespace" "ns" ON "cl"."relnamespace" = "ns"."oid" INNER JOIN "pg_constraint" "con1" ON "con1"."conrelid" = "cl"."oid" WHERE "con1"."contype" = 'f' AND (("ns"."nspname" = 'public' AND "cl"."relname" = 'vehicles') OR ("ns"."nspname" = 'public' AND "cl"."relname" = 'inventory_items') OR ("ns"."nspname" = 'public' AND "cl"."relname" = 'bank_accounts') OR ("ns"."nspname" = 'public' AND "cl"."relname" = 'characters') OR ("ns"."nspname" = 'public' AND "cl"."relname" = 'accounts') OR ("ns"."nspname" = 'public' AND "cl"."relname" = 'bans')) ) "con" INNER JOIN "pg_attribute" "att" ON "att"."attrelid" = "con"."confrelid" AND "att"."attnum" = "con"."child" INNER JOIN "pg_class" "cl" ON "cl"."oid" = "con"."confrelid"  AND "cl"."relispartition" = 'f'INNER JOIN "pg_namespace" "ns" ON "cl"."relnamespace" = "ns"."oid" INNER JOIN "pg_attribute" "att2" ON "att2"."attrelid" = "con"."conrelid" AND "att2"."attnum" = "con"."parent"
Parameters: undefined
-------------------------------------------------------------------------
-------------------------------------------------------------------------
Query: SELECT * FROM "information_schema"."tables" WHERE "table_schema" = 'public' AND "table_name" = 'typeorm_metadata'
Parameters: undefined
-------------------------------------------------------------------------
-------------------------------------------------------------------------
Query: COMMIT
Parameters: undefined
-------------------------------------------------------------------------
-------------------------------------------------------------------------
Query: SELECT "BanEntity"."id" AS "BanEntity_id", "BanEntity"."ip" AS "BanEntity_ip", "BanEntity"."rsgId" AS "BanEntity_rsgId", "BanEntity"."username" AS "BanEntity_username", "BanEntity"."serial" AS "BanEntity_serial", "BanEntity"."reason" AS "BanEntity_reason", "BanEntity"."bannedBy" AS "BanEntity_bannedBy", "BanEntity"."bannedByLevel" AS "BanEntity_bannedByLevel", "BanEntity"."lifttime" AS "BanEntity_lifttime" FROM "bans" "BanEntity" WHERE (("BanEntity"."serial" = $1) OR ("BanEntity"."ip" = $2) OR ("BanEntity"."username" = $3) OR ("BanEntity"."rsgId" = $4)) LIMIT 1
Parameters: DEB488D000D25078C2F47EA05270C5E07A301C00DF2039B0E2E4E8D8E88AE240D86800ECF0FA9ED04A305E604FE40680B400F9C0BB8CBEB078E4D814E6C4A280,127.0.0.1,tacticalwired,256659239
-------------------------------------------------------------------------
-------------------------------------------------------------------------
Query: SELECT "AccountEntity"."id" AS "AccountEntity_id", "AccountEntity"."username" AS "AccountEntity_username", "AccountEntity"."password" AS "AccountEntity_password", "AccountEntity"."email" AS "AccountEntity_email", "AccountEntity"."socialClubId" AS "AccountEntity_socialClubId" FROM "accounts" "AccountEntity" WHERE ("AccountEntity"."username" = $1) LIMIT 1
Parameters: tacticalwired
-------------------------------------------------------------------------
-------------------------------------------------------------------------
Query: SELECT "AccountEntity"."id" AS "AccountEntity_id", "AccountEntity"."username" AS "AccountEntity_username", "AccountEntity"."password" AS "AccountEntity_password", "AccountEntity"."email" AS "AccountEntity_email", "AccountEntity"."socialClubId" AS "AccountEntity_socialClubId" FROM "accounts" "AccountEntity" WHERE ("AccountEntity"."username" = $1) LIMIT 1
Parameters: tacticalwired
-------------------------------------------------------------------------
-------------------------------------------------------------------------
Query: SELECT "AccountEntity"."id" AS "AccountEntity_id", "AccountEntity"."username" AS "AccountEntity_username", "AccountEntity"."password" AS "AccountEntity_password", "AccountEntity"."email" AS "AccountEntity_email", "AccountEntity"."socialClubId" AS "AccountEntity_socialClubId" FROM "accounts" "AccountEntity" WHERE ("AccountEntity"."username" = $1) LIMIT 1
Parameters: tactical
-------------------------------------------------------------------------
-------------------------------------------------------------------------
Query: SELECT "AccountEntity"."id" AS "AccountEntity_id", "AccountEntity"."username" AS "AccountEntity_username", "AccountEntity"."password" AS "AccountEntity_password", "AccountEntity"."email" AS "AccountEntity_email", "AccountEntity"."socialClubId" AS "AccountEntity_socialClubId" FROM "accounts" "AccountEntity" WHERE ("AccountEntity"."username" = $1) LIMIT 1
Parameters: tacticalwired
-------------------------------------------------------------------------
-------------------------------------------------------------------------
Query: SELECT "AccountEntity"."id" AS "AccountEntity_id", "AccountEntity"."username" AS "AccountEntity_username", "AccountEntity"."password" AS "AccountEntity_password", "AccountEntity"."email" AS "AccountEntity_email", "AccountEntity"."socialClubId" AS "AccountEntity_socialClubId" FROM "accounts" "AccountEntity" WHERE ("AccountEntity"."username" = $1) LIMIT 1
Parameters: tacticalwired
-------------------------------------------------------------------------
-------------------------------------------------------------------------
Query: SELECT "AccountEntity"."id" AS "AccountEntity_id", "AccountEntity"."username" AS "AccountEntity_username", "AccountEntity"."password" AS "AccountEntity_password", "AccountEntity"."email" AS "AccountEntity_email", "AccountEntity"."socialClubId" AS "AccountEntity_socialClubId" FROM "accounts" "AccountEntity" WHERE ("AccountEntity"."username" = $1) LIMIT 1
Parameters: tacticalwired
-------------------------------------------------------------------------
-------------------------------------------------------------------------
Query: SELECT "AccountEntity"."id" AS "AccountEntity_id", "AccountEntity"."username" AS "AccountEntity_username", "AccountEntity"."password" AS "AccountEntity_password", "AccountEntity"."email" AS "AccountEntity_email", "AccountEntity"."socialClubId" AS "AccountEntity_socialClubId" FROM "accounts" "AccountEntity" WHERE ("AccountEntity"."username" = $1) LIMIT 1
Parameters: tacticalwired
-------------------------------------------------------------------------
-------------------------------------------------------------------------
Query: SELECT DISTINCT "distinctAlias"."CharacterEntity_id" AS "ids_CharacterEntity_id" FROM (SELECT "CharacterEntity"."id" AS "CharacterEntity_id", "CharacterEntity"."adminlevel" AS "CharacterEntity_adminlevel", "CharacterEntity"."appearance" AS "CharacterEntity_appearance", "CharacterEntity"."lastlogin" AS "CharacterEntity_lastlogin", "CharacterEntity"."name" AS "CharacterEntity_name", "CharacterEntity"."gender" AS "CharacterEntity_gender", "CharacterEntity"."level" AS "CharacterEntity_level", "CharacterEntity"."position" AS "CharacterEntity_position", "CharacterEntity"."wantedLevel" AS "CharacterEntity_wantedLevel", "CharacterEntity"."deathState" AS "CharacterEntity_deathState", "CharacterEntity"."cash" AS "CharacterEntity_cash", "CharacterEntity"."accountId" AS "CharacterEntity_accountId", "CharacterEntity"."itemsId" AS "CharacterEntity_itemsId" FROM "characters" "CharacterEntity" LEFT JOIN "accounts" "CharacterEntity__CharacterEntity_account" ON "CharacterEntity__CharacterEntity_account"."id"="CharacterEntity"."accountId" WHERE ("CharacterEntity__CharacterEntity_account"."id" = $1)) "distinctAlias" ORDER BY "CharacterEntity_id" ASC LIMIT 3
Parameters: 1
-------------------------------------------------------------------------
-------------------------------------------------------------------------
Query: SELECT "CharacterEntity"."id" AS "CharacterEntity_id", "CharacterEntity"."adminlevel" AS "CharacterEntity_adminlevel", "CharacterEntity"."appearance" AS "CharacterEntity_appearance", "CharacterEntity"."lastlogin" AS "CharacterEntity_lastlogin", "CharacterEntity"."name" AS "CharacterEntity_name", "CharacterEntity"."gender" AS "CharacterEntity_gender", "CharacterEntity"."level" AS "CharacterEntity_level", "CharacterEntity"."position" AS "CharacterEntity_position", "CharacterEntity"."wantedLevel" AS "CharacterEntity_wantedLevel", "CharacterEntity"."deathState" AS "CharacterEntity_deathState", "CharacterEntity"."cash" AS "CharacterEntity_cash", "CharacterEntity"."accountId" AS "CharacterEntity_accountId", "CharacterEntity"."itemsId" AS "CharacterEntity_itemsId" FROM "characters" "CharacterEntity" LEFT JOIN "accounts" "CharacterEntity__CharacterEntity_account" ON "CharacterEntity__CharacterEntity_account"."id"="CharacterEntity"."accountId" WHERE ( ("CharacterEntity__CharacterEntity_account"."id" = $1) ) AND ( "CharacterEntity"."id" IN (1) )
Parameters: 1
-------------------------------------------------------------------------
-------------------------------------------------------------------------
Query: SELECT DISTINCT "distinctAlias"."CharacterEntity_id" AS "ids_CharacterEntity_id" FROM (SELECT "CharacterEntity"."id" AS "CharacterEntity_id", "CharacterEntity"."adminlevel" AS "CharacterEntity_adminlevel", "CharacterEntity"."appearance" AS "CharacterEntity_appearance", "CharacterEntity"."lastlogin" AS "CharacterEntity_lastlogin", "CharacterEntity"."name" AS "CharacterEntity_name", "CharacterEntity"."gender" AS "CharacterEntity_gender", "CharacterEntity"."level" AS "CharacterEntity_level", "CharacterEntity"."position" AS "CharacterEntity_position", "CharacterEntity"."wantedLevel" AS "CharacterEntity_wantedLevel", "CharacterEntity"."deathState" AS "CharacterEntity_deathState", "CharacterEntity"."cash" AS "CharacterEntity_cash", "CharacterEntity"."accountId" AS "CharacterEntity_accountId", "CharacterEntity"."itemsId" AS "CharacterEntity_itemsId", "CharacterEntity__CharacterEntity_items"."id" AS "CharacterEntity__CharacterEntity_items_id", "CharacterEntity__CharacterEntity_items"."clothes" AS "CharacterEntity__CharacterEntity_items_clothes", "CharacterEntity__CharacterEntity_items"."pockets" AS "CharacterEntity__CharacterEntity_items_pockets", "CharacterEntity__CharacterEntity_items"."quickUse" AS "CharacterEntity__CharacterEntity_items_quickUse", "CharacterEntity__CharacterEntity_bank"."id" AS "CharacterEntity__CharacterEntity_bank_id", "CharacterEntity__CharacterEntity_bank"."isPrimary" AS "CharacterEntity__CharacterEntity_bank_isPrimary", "CharacterEntity__CharacterEntity_bank"."accountnumber" AS "CharacterEntity__CharacterEntity_bank_accountnumber", "CharacterEntity__CharacterEntity_bank"."pincode" AS "CharacterEntity__CharacterEntity_bank_pincode", "CharacterEntity__CharacterEntity_bank"."balance" AS "CharacterEntity__CharacterEntity_bank_balance", "CharacterEntity__CharacterEntity_bank"."accountholder" AS "CharacterEntity__CharacterEntity_bank_accountholder", "CharacterEntity__CharacterEntity_bank"."characterId" AS "CharacterEntity__CharacterEntity_bank_characterId" FROM "characters" "CharacterEntity" LEFT JOIN "inventory_items" "CharacterEntity__CharacterEntity_items" ON "CharacterEntity__CharacterEntity_items"."id"="CharacterEntity"."itemsId"  LEFT JOIN "bank_accounts" "CharacterEntity__CharacterEntity_bank" ON "CharacterEntity__CharacterEntity_bank"."characterId"="CharacterEntity"."id" WHERE ("CharacterEntity"."id" = $1)) "distinctAlias" ORDER BY "CharacterEntity_id" ASC LIMIT 1
Parameters: 1
-------------------------------------------------------------------------
-------------------------------------------------------------------------
Query: SELECT "CharacterEntity"."id" AS "CharacterEntity_id", "CharacterEntity"."adminlevel" AS "CharacterEntity_adminlevel", "CharacterEntity"."appearance" AS "CharacterEntity_appearance", "CharacterEntity"."lastlogin" AS "CharacterEntity_lastlogin", "CharacterEntity"."name" AS "CharacterEntity_name", "CharacterEntity"."gender" AS "CharacterEntity_gender", "CharacterEntity"."level" AS "CharacterEntity_level", "CharacterEntity"."position" AS "CharacterEntity_position", "CharacterEntity"."wantedLevel" AS "CharacterEntity_wantedLevel", "CharacterEntity"."deathState" AS "CharacterEntity_deathState", "CharacterEntity"."cash" AS "CharacterEntity_cash", "CharacterEntity"."accountId" AS "CharacterEntity_accountId", "CharacterEntity"."itemsId" AS "CharacterEntity_itemsId", "CharacterEntity__CharacterEntity_items"."id" AS "CharacterEntity__CharacterEntity_items_id", "CharacterEntity__CharacterEntity_items"."clothes" AS "CharacterEntity__CharacterEntity_items_clothes", "CharacterEntity__CharacterEntity_items"."pockets" AS "CharacterEntity__CharacterEntity_items_pockets", "CharacterEntity__CharacterEntity_items"."quickUse" AS "CharacterEntity__CharacterEntity_items_quickUse", "CharacterEntity__CharacterEntity_bank"."id" AS "CharacterEntity__CharacterEntity_bank_id", "CharacterEntity__CharacterEntity_bank"."isPrimary" AS "CharacterEntity__CharacterEntity_bank_isPrimary", "CharacterEntity__CharacterEntity_bank"."accountnumber" AS "CharacterEntity__CharacterEntity_bank_accountnumber", "CharacterEntity__CharacterEntity_bank"."pincode" AS "CharacterEntity__CharacterEntity_bank_pincode", "CharacterEntity__CharacterEntity_bank"."balance" AS "CharacterEntity__CharacterEntity_bank_balance", "CharacterEntity__CharacterEntity_bank"."accountholder" AS "CharacterEntity__CharacterEntity_bank_accountholder", "CharacterEntity__CharacterEntity_bank"."characterId" AS "CharacterEntity__CharacterEntity_bank_characterId" FROM "characters" "CharacterEntity" LEFT JOIN "inventory_items" "CharacterEntity__CharacterEntity_items" ON "CharacterEntity__CharacterEntity_items"."id"="CharacterEntity"."itemsId"  LEFT JOIN "bank_accounts" "CharacterEntity__CharacterEntity_bank" ON "CharacterEntity__CharacterEntity_bank"."characterId"="CharacterEntity"."id" WHERE ( ("CharacterEntity"."id" = $1) ) AND ( "CharacterEntity"."id" IN (1) )
Parameters: 1
-------------------------------------------------------------------------
-------------------------------------------------------------------------
Query: UPDATE "characters" SET "position" = $1, "lastlogin" = $2, "deathState" = $3, "cash" = $4 WHERE "id" IN ($5)
Parameters: {"x":-306.57659912109375,"y":-1444.6893310546875,"z":31.305429458618164,"heading":-52.0069580078125},Fri Dec 19 2025 12:05:08 GMT-0300 (GMT-03:00),0,1500,1
-------------------------------------------------------------------------
-------------------------------------------------------------------------
Query: SELECT * FROM current_schema()
Parameters: undefined
-------------------------------------------------------------------------
-------------------------------------------------------------------------
Query: SELECT version();
Parameters: undefined
-------------------------------------------------------------------------
-------------------------------------------------------------------------
Query: START TRANSACTION
Parameters: undefined
-------------------------------------------------------------------------
-------------------------------------------------------------------------
Query: SELECT * FROM current_schema()
Parameters: undefined
-------------------------------------------------------------------------
-------------------------------------------------------------------------
Query: SELECT * FROM current_database()
Parameters: undefined
-------------------------------------------------------------------------
-------------------------------------------------------------------------
Query: SELECT "table_schema", "table_name" FROM "information_schema"."tables" WHERE ("table_schema" = 'public' AND "table_name" = 'vehicles') OR ("table_schema" = 'public' AND "table_name" = 'inventory_items') OR ("table_schema" = 'public' AND "table_name" = 'bank_accounts') OR ("table_schema" = 'public' AND "table_name" = 'characters') OR ("table_schema" = 'public' AND "table_name" = 'accounts') OR ("table_schema" = 'public' AND "table_name" = 'bans')
Parameters: undefined
-------------------------------------------------------------------------
-------------------------------------------------------------------------
Query: SELECT TRUE FROM information_schema.columns WHERE table_name = 'pg_class' and column_name = 'relispartition'
Parameters: undefined
-------------------------------------------------------------------------
-------------------------------------------------------------------------
Query: SELECT columns.*, pg_catalog.col_description(('"' || table_catalog || '"."' || table_schema || '"."' || table_name || '"')::regclass::oid, ordinal_position) AS description, ('"' || "udt_schema" || '"."' || "udt_name" || '"')::"regtype" AS "regtype", pg_catalog.format_type("col_attr"."atttypid", "col_attr"."atttypmod") AS "format_type" FROM "information_schema"."columns" LEFT JOIN "pg_catalog"."pg_attribute" AS "col_attr" ON "col_attr"."attname" = "columns"."column_name" AND "col_attr"."attrelid" = ( SELECT "cls"."oid" FROM "pg_catalog"."pg_class" AS "cls" LEFT JOIN "pg_catalog"."pg_namespace" AS "ns" ON "ns"."oid" = "cls"."relnamespace" WHERE "cls"."relname" = "columns"."table_name" AND "ns"."nspname" = "columns"."table_schema" ) WHERE ("table_schema" = 'public' AND "table_name" = 'vehicles') OR ("table_schema" = 'public' AND "table_name" = 'inventory_items') OR ("table_schema" = 'public' AND "table_name" = 'bank_accounts') OR ("table_schema" = 'public' AND "table_name" = 'characters') OR ("table_schema" = 'public' AND "table_name" = 'accounts') OR ("table_schema" = 'public' AND "table_name" = 'bans')
Parameters: undefined
-------------------------------------------------------------------------
-------------------------------------------------------------------------
Query: SELECT "ns"."nspname" AS "table_schema", "t"."relname" AS "table_name", "cnst"."conname" AS "constraint_name", pg_get_constraintdef("cnst"."oid") AS "expression", CASE "cnst"."contype" WHEN 'p' THEN 'PRIMARY' WHEN 'u' THEN 'UNIQUE' WHEN 'c' THEN 'CHECK' WHEN 'x' THEN 'EXCLUDE' END AS "constraint_type", "a"."attname" AS "column_name" FROM "pg_constraint" "cnst" INNER JOIN "pg_class" "t" ON "t"."oid" = "cnst"."conrelid" INNER JOIN "pg_namespace" "ns" ON "ns"."oid" = "cnst"."connamespace" LEFT JOIN "pg_attribute" "a" ON "a"."attrelid" = "cnst"."conrelid" AND "a"."attnum" = ANY ("cnst"."conkey") WHERE "t"."relkind" IN ('r', 'p') AND (("ns"."nspname" = 'public' AND "t"."relname" = 'vehicles') OR ("ns"."nspname" = 'public' AND "t"."relname" = 'inventory_items') OR ("ns"."nspname" = 'public' AND "t"."relname" = 'bank_accounts') OR ("ns"."nspname" = 'public' AND "t"."relname" = 'characters') OR ("ns"."nspname" = 'public' AND "t"."relname" = 'accounts') OR ("ns"."nspname" = 'public' AND "t"."relname" = 'bans'))
Parameters: undefined
-------------------------------------------------------------------------
-------------------------------------------------------------------------
Query: SELECT "ns"."nspname" AS "table_schema", "t"."relname" AS "table_name", "i"."relname" AS "constraint_name", "a"."attname" AS "column_name", CASE "ix"."indisunique" WHEN 't' THEN 'TRUE' ELSE'FALSE' END AS "is_unique", pg_get_expr("ix"."indpred", "ix"."indrelid") AS "condition", "types"."typname" AS "type_name" FROM "pg_class" "t" INNER JOIN "pg_index" "ix" ON "ix"."indrelid" = "t"."oid" INNER JOIN "pg_attribute" "a" ON "a"."attrelid" = "t"."oid"  AND "a"."attnum" = ANY ("ix"."indkey") INNER JOIN "pg_namespace" "ns" ON "ns"."oid" = "t"."relnamespace" INNER JOIN "pg_class" "i" ON "i"."oid" = "ix"."indexrelid" INNER JOIN "pg_type" "types" ON "types"."oid" = "a"."atttypid" LEFT JOIN "pg_constraint" "cnst" ON "cnst"."conname" = "i"."relname" WHERE "t"."relkind" IN ('r', 'p') AND "cnst"."contype" IS NULL AND (("ns"."nspname" = 'public' AND "t"."relname" = 'vehicles') OR ("ns"."nspname" = 'public' AND "t"."relname" = 'inventory_items') OR ("ns"."nspname" = 'public' AND "t"."relname" = 'bank_accounts') OR ("ns"."nspname" = 'public' AND "t"."relname" = 'characters') OR ("ns"."nspname" = 'public' AND "t"."relname" = 'accounts') OR ("ns"."nspname" = 'public' AND "t"."relname" = 'bans'))
Parameters: undefined
-------------------------------------------------------------------------
-------------------------------------------------------------------------
Query: SELECT "con"."conname" AS "constraint_name", "con"."nspname" AS "table_schema", "con"."relname" AS "table_name", "att2"."attname" AS "column_name", "ns"."nspname" AS "referenced_table_schema", "cl"."relname" AS "referenced_table_name", "att"."attname" AS "referenced_column_name", "con"."confdeltype" AS "on_delete", "con"."confupdtype" AS "on_update", "con"."condeferrable" AS "deferrable", "con"."condeferred" AS "deferred" FROM ( SELECT UNNEST ("con1"."conkey") AS "parent", UNNEST ("con1"."confkey") AS "child", "con1"."confrelid", "con1"."conrelid", "con1"."conname", "con1"."contype", "ns"."nspname", "cl"."relname", "con1"."condeferrable", CASE WHEN "con1"."condeferred" THEN 'INITIALLY DEFERRED' ELSE 'INITIALLY IMMEDIATE' END as condeferred, CASE "con1"."confdeltype" WHEN 'a' THEN 'NO ACTION' WHEN 'r' THEN 'RESTRICT' WHEN 'c' THEN 'CASCADE' WHEN 'n' THEN 'SET NULL' WHEN 'd' THEN 'SET DEFAULT' END as "confdeltype", CASE "con1"."confupdtype" WHEN 'a' THEN 'NO ACTION' WHEN 'r' THEN 'RESTRICT' WHEN 'c' THEN 'CASCADE' WHEN 'n' THEN 'SET NULL' WHEN 'd' THEN 'SET DEFAULT' END as "confupdtype" FROM "pg_class" "cl" INNER JOIN "pg_namespace" "ns" ON "cl"."relnamespace" = "ns"."oid" INNER JOIN "pg_constraint" "con1" ON "con1"."conrelid" = "cl"."oid" WHERE "con1"."contype" = 'f' AND (("ns"."nspname" = 'public' AND "cl"."relname" = 'vehicles') OR ("ns"."nspname" = 'public' AND "cl"."relname" = 'inventory_items') OR ("ns"."nspname" = 'public' AND "cl"."relname" = 'bank_accounts') OR ("ns"."nspname" = 'public' AND "cl"."relname" = 'characters') OR ("ns"."nspname" = 'public' AND "cl"."relname" = 'accounts') OR ("ns"."nspname" = 'public' AND "cl"."relname" = 'bans')) ) "con" INNER JOIN "pg_attribute" "att" ON "att"."attrelid" = "con"."confrelid" AND "att"."attnum" = "con"."child" INNER JOIN "pg_class" "cl" ON "cl"."oid" = "con"."confrelid"  AND "cl"."relispartition" = 'f'INNER JOIN "pg_namespace" "ns" ON "cl"."relnamespace" = "ns"."oid" INNER JOIN "pg_attribute" "att2" ON "att2"."attrelid" = "con"."conrelid" AND "att2"."attnum" = "con"."parent"
Parameters: undefined
-------------------------------------------------------------------------
-------------------------------------------------------------------------
Query: SELECT * FROM "information_schema"."tables" WHERE "table_schema" = 'public' AND "table_name" = 'typeorm_metadata'
Parameters: undefined
-------------------------------------------------------------------------
-------------------------------------------------------------------------
Query: COMMIT
Parameters: undefined
-------------------------------------------------------------------------
-------------------------------------------------------------------------
Query: SELECT "BanEntity"."id" AS "BanEntity_id", "BanEntity"."ip" AS "BanEntity_ip", "BanEntity"."rsgId" AS "BanEntity_rsgId", "BanEntity"."username" AS "BanEntity_username", "BanEntity"."serial" AS "BanEntity_serial", "BanEntity"."reason" AS "BanEntity_reason", "BanEntity"."bannedBy" AS "BanEntity_bannedBy", "BanEntity"."bannedByLevel" AS "BanEntity_bannedByLevel", "BanEntity"."lifttime" AS "BanEntity_lifttime" FROM "bans" "BanEntity" WHERE (("BanEntity"."serial" = $1) OR ("BanEntity"."ip" = $2) OR ("BanEntity"."username" = $3) OR ("BanEntity"."rsgId" = $4)) LIMIT 1
Parameters: DEB488D000D25078C2F47EA05270C5E07A301C00DF2039B0E2E4E8D8E88AE240D86800ECF0FA9ED04A305E604FE40680B400F9C0BB8CBEB078E4D814E6C4A280,127.0.0.1,tacticalwired,256659239
-------------------------------------------------------------------------
-------------------------------------------------------------------------
Query: SELECT "AccountEntity"."id" AS "AccountEntity_id", "AccountEntity"."username" AS "AccountEntity_username", "AccountEntity"."password" AS "AccountEntity_password", "AccountEntity"."email" AS "AccountEntity_email", "AccountEntity"."socialClubId" AS "AccountEntity_socialClubId" FROM "accounts" "AccountEntity" WHERE ("AccountEntity"."username" = $1) LIMIT 1
Parameters: tacticalwired
-------------------------------------------------------------------------
-------------------------------------------------------------------------
Query: SELECT DISTINCT "distinctAlias"."CharacterEntity_id" AS "ids_CharacterEntity_id" FROM (SELECT "CharacterEntity"."id" AS "CharacterEntity_id", "CharacterEntity"."adminlevel" AS "CharacterEntity_adminlevel", "CharacterEntity"."appearance" AS "CharacterEntity_appearance", "CharacterEntity"."lastlogin" AS "CharacterEntity_lastlogin", "CharacterEntity"."name" AS "CharacterEntity_name", "CharacterEntity"."gender" AS "CharacterEntity_gender", "CharacterEntity"."level" AS "CharacterEntity_level", "CharacterEntity"."position" AS "CharacterEntity_position", "CharacterEntity"."wantedLevel" AS "CharacterEntity_wantedLevel", "CharacterEntity"."deathState" AS "CharacterEntity_deathState", "CharacterEntity"."cash" AS "CharacterEntity_cash", "CharacterEntity"."accountId" AS "CharacterEntity_accountId", "CharacterEntity"."itemsId" AS "CharacterEntity_itemsId" FROM "characters" "CharacterEntity" LEFT JOIN "accounts" "CharacterEntity__CharacterEntity_account" ON "CharacterEntity__CharacterEntity_account"."id"="CharacterEntity"."accountId" WHERE ("CharacterEntity__CharacterEntity_account"."id" = $1)) "distinctAlias" ORDER BY "CharacterEntity_id" ASC LIMIT 3
Parameters: 1
-------------------------------------------------------------------------
-------------------------------------------------------------------------
Query: SELECT "CharacterEntity"."id" AS "CharacterEntity_id", "CharacterEntity"."adminlevel" AS "CharacterEntity_adminlevel", "CharacterEntity"."appearance" AS "CharacterEntity_appearance", "CharacterEntity"."lastlogin" AS "CharacterEntity_lastlogin", "CharacterEntity"."name" AS "CharacterEntity_name", "CharacterEntity"."gender" AS "CharacterEntity_gender", "CharacterEntity"."level" AS "CharacterEntity_level", "CharacterEntity"."position" AS "CharacterEntity_position", "CharacterEntity"."wantedLevel" AS "CharacterEntity_wantedLevel", "CharacterEntity"."deathState" AS "CharacterEntity_deathState", "CharacterEntity"."cash" AS "CharacterEntity_cash", "CharacterEntity"."accountId" AS "CharacterEntity_accountId", "CharacterEntity"."itemsId" AS "CharacterEntity_itemsId" FROM "characters" "CharacterEntity" LEFT JOIN "accounts" "CharacterEntity__CharacterEntity_account" ON "CharacterEntity__CharacterEntity_account"."id"="CharacterEntity"."accountId" WHERE ( ("CharacterEntity__CharacterEntity_account"."id" = $1) ) AND ( "CharacterEntity"."id" IN (1) )
Parameters: 1
-------------------------------------------------------------------------
-------------------------------------------------------------------------
Query: SELECT DISTINCT "distinctAlias"."CharacterEntity_id" AS "ids_CharacterEntity_id" FROM (SELECT "CharacterEntity"."id" AS "CharacterEntity_id", "CharacterEntity"."adminlevel" AS "CharacterEntity_adminlevel", "CharacterEntity"."appearance" AS "CharacterEntity_appearance", "CharacterEntity"."lastlogin" AS "CharacterEntity_lastlogin", "CharacterEntity"."name" AS "CharacterEntity_name", "CharacterEntity"."gender" AS "CharacterEntity_gender", "CharacterEntity"."level" AS "CharacterEntity_level", "CharacterEntity"."position" AS "CharacterEntity_position", "CharacterEntity"."wantedLevel" AS "CharacterEntity_wantedLevel", "CharacterEntity"."deathState" AS "CharacterEntity_deathState", "CharacterEntity"."cash" AS "CharacterEntity_cash", "CharacterEntity"."accountId" AS "CharacterEntity_accountId", "CharacterEntity"."itemsId" AS "CharacterEntity_itemsId", "CharacterEntity__CharacterEntity_items"."id" AS "CharacterEntity__CharacterEntity_items_id", "CharacterEntity__CharacterEntity_items"."clothes" AS "CharacterEntity__CharacterEntity_items_clothes", "CharacterEntity__CharacterEntity_items"."pockets" AS "CharacterEntity__CharacterEntity_items_pockets", "CharacterEntity__CharacterEntity_items"."quickUse" AS "CharacterEntity__CharacterEntity_items_quickUse", "CharacterEntity__CharacterEntity_bank"."id" AS "CharacterEntity__CharacterEntity_bank_id", "CharacterEntity__CharacterEntity_bank"."isPrimary" AS "CharacterEntity__CharacterEntity_bank_isPrimary", "CharacterEntity__CharacterEntity_bank"."accountnumber" AS "CharacterEntity__CharacterEntity_bank_accountnumber", "CharacterEntity__CharacterEntity_bank"."pincode" AS "CharacterEntity__CharacterEntity_bank_pincode", "CharacterEntity__CharacterEntity_bank"."balance" AS "CharacterEntity__CharacterEntity_bank_balance", "CharacterEntity__CharacterEntity_bank"."accountholder" AS "CharacterEntity__CharacterEntity_bank_accountholder", "CharacterEntity__CharacterEntity_bank"."characterId" AS "CharacterEntity__CharacterEntity_bank_characterId" FROM "characters" "CharacterEntity" LEFT JOIN "inventory_items" "CharacterEntity__CharacterEntity_items" ON "CharacterEntity__CharacterEntity_items"."id"="CharacterEntity"."itemsId"  LEFT JOIN "bank_accounts" "CharacterEntity__CharacterEntity_bank" ON "CharacterEntity__CharacterEntity_bank"."characterId"="CharacterEntity"."id" WHERE ("CharacterEntity"."id" = $1)) "distinctAlias" ORDER BY "CharacterEntity_id" ASC LIMIT 1
Parameters: 1
-------------------------------------------------------------------------
-------------------------------------------------------------------------
Query: SELECT "CharacterEntity"."id" AS "CharacterEntity_id", "CharacterEntity"."adminlevel" AS "CharacterEntity_adminlevel", "CharacterEntity"."appearance" AS "CharacterEntity_appearance", "CharacterEntity"."lastlogin" AS "CharacterEntity_lastlogin", "CharacterEntity"."name" AS "CharacterEntity_name", "CharacterEntity"."gender" AS "CharacterEntity_gender", "CharacterEntity"."level" AS "CharacterEntity_level", "CharacterEntity"."position" AS "CharacterEntity_position", "CharacterEntity"."wantedLevel" AS "CharacterEntity_wantedLevel", "CharacterEntity"."deathState" AS "CharacterEntity_deathState", "CharacterEntity"."cash" AS "CharacterEntity_cash", "CharacterEntity"."accountId" AS "CharacterEntity_accountId", "CharacterEntity"."itemsId" AS "CharacterEntity_itemsId", "CharacterEntity__CharacterEntity_items"."id" AS "CharacterEntity__CharacterEntity_items_id", "CharacterEntity__CharacterEntity_items"."clothes" AS "CharacterEntity__CharacterEntity_items_clothes", "CharacterEntity__CharacterEntity_items"."pockets" AS "CharacterEntity__CharacterEntity_items_pockets", "CharacterEntity__CharacterEntity_items"."quickUse" AS "CharacterEntity__CharacterEntity_items_quickUse", "CharacterEntity__CharacterEntity_bank"."id" AS "CharacterEntity__CharacterEntity_bank_id", "CharacterEntity__CharacterEntity_bank"."isPrimary" AS "CharacterEntity__CharacterEntity_bank_isPrimary", "CharacterEntity__CharacterEntity_bank"."accountnumber" AS "CharacterEntity__CharacterEntity_bank_accountnumber", "CharacterEntity__CharacterEntity_bank"."pincode" AS "CharacterEntity__CharacterEntity_bank_pincode", "CharacterEntity__CharacterEntity_bank"."balance" AS "CharacterEntity__CharacterEntity_bank_balance", "CharacterEntity__CharacterEntity_bank"."accountholder" AS "CharacterEntity__CharacterEntity_bank_accountholder", "CharacterEntity__CharacterEntity_bank"."characterId" AS "CharacterEntity__CharacterEntity_bank_characterId" FROM "characters" "CharacterEntity" LEFT JOIN "inventory_items" "CharacterEntity__CharacterEntity_items" ON "CharacterEntity__CharacterEntity_items"."id"="CharacterEntity"."itemsId"  LEFT JOIN "bank_accounts" "CharacterEntity__CharacterEntity_bank" ON "CharacterEntity__CharacterEntity_bank"."characterId"="CharacterEntity"."id" WHERE ( ("CharacterEntity"."id" = $1) ) AND ( "CharacterEntity"."id" IN (1) )
Parameters: 1
-------------------------------------------------------------------------
-------------------------------------------------------------------------
Query: UPDATE "characters" SET "position" = $1, "lastlogin" = $2, "deathState" = $3, "cash" = $4 WHERE "id" IN ($5)
Parameters: {"x":-259.5483093261719,"y":-1444.072265625,"z":31.216218948364258,"heading":-73.80227661132812},Fri Dec 19 2025 12:10:53 GMT-0300 (GMT-03:00),0,1500,1
-------------------------------------------------------------------------
-------------------------------------------------------------------------
Query: SELECT * FROM current_schema()
Parameters: undefined
-------------------------------------------------------------------------
-------------------------------------------------------------------------
Query: SELECT version();
Parameters: undefined
-------------------------------------------------------------------------
-------------------------------------------------------------------------
Query: START TRANSACTION
Parameters: undefined
-------------------------------------------------------------------------
-------------------------------------------------------------------------
Query: SELECT * FROM current_schema()
Parameters: undefined
-------------------------------------------------------------------------
-------------------------------------------------------------------------
Query: SELECT * FROM current_database()
Parameters: undefined
-------------------------------------------------------------------------
-------------------------------------------------------------------------
Query: SELECT "table_schema", "table_name" FROM "information_schema"."tables" WHERE ("table_schema" = 'public' AND "table_name" = 'vehicles') OR ("table_schema" = 'public' AND "table_name" = 'inventory_items') OR ("table_schema" = 'public' AND "table_name" = 'bank_accounts') OR ("table_schema" = 'public' AND "table_name" = 'characters') OR ("table_schema" = 'public' AND "table_name" = 'accounts') OR ("table_schema" = 'public' AND "table_name" = 'bans')
Parameters: undefined
-------------------------------------------------------------------------
-------------------------------------------------------------------------
Query: SELECT TRUE FROM information_schema.columns WHERE table_name = 'pg_class' and column_name = 'relispartition'
Parameters: undefined
-------------------------------------------------------------------------
-------------------------------------------------------------------------
Query: SELECT columns.*, pg_catalog.col_description(('"' || table_catalog || '"."' || table_schema || '"."' || table_name || '"')::regclass::oid, ordinal_position) AS description, ('"' || "udt_schema" || '"."' || "udt_name" || '"')::"regtype" AS "regtype", pg_catalog.format_type("col_attr"."atttypid", "col_attr"."atttypmod") AS "format_type" FROM "information_schema"."columns" LEFT JOIN "pg_catalog"."pg_attribute" AS "col_attr" ON "col_attr"."attname" = "columns"."column_name" AND "col_attr"."attrelid" = ( SELECT "cls"."oid" FROM "pg_catalog"."pg_class" AS "cls" LEFT JOIN "pg_catalog"."pg_namespace" AS "ns" ON "ns"."oid" = "cls"."relnamespace" WHERE "cls"."relname" = "columns"."table_name" AND "ns"."nspname" = "columns"."table_schema" ) WHERE ("table_schema" = 'public' AND "table_name" = 'vehicles') OR ("table_schema" = 'public' AND "table_name" = 'inventory_items') OR ("table_schema" = 'public' AND "table_name" = 'bank_accounts') OR ("table_schema" = 'public' AND "table_name" = 'characters') OR ("table_schema" = 'public' AND "table_name" = 'accounts') OR ("table_schema" = 'public' AND "table_name" = 'bans')
Parameters: undefined
-------------------------------------------------------------------------
-------------------------------------------------------------------------
Query: SELECT "ns"."nspname" AS "table_schema", "t"."relname" AS "table_name", "cnst"."conname" AS "constraint_name", pg_get_constraintdef("cnst"."oid") AS "expression", CASE "cnst"."contype" WHEN 'p' THEN 'PRIMARY' WHEN 'u' THEN 'UNIQUE' WHEN 'c' THEN 'CHECK' WHEN 'x' THEN 'EXCLUDE' END AS "constraint_type", "a"."attname" AS "column_name" FROM "pg_constraint" "cnst" INNER JOIN "pg_class" "t" ON "t"."oid" = "cnst"."conrelid" INNER JOIN "pg_namespace" "ns" ON "ns"."oid" = "cnst"."connamespace" LEFT JOIN "pg_attribute" "a" ON "a"."attrelid" = "cnst"."conrelid" AND "a"."attnum" = ANY ("cnst"."conkey") WHERE "t"."relkind" IN ('r', 'p') AND (("ns"."nspname" = 'public' AND "t"."relname" = 'vehicles') OR ("ns"."nspname" = 'public' AND "t"."relname" = 'inventory_items') OR ("ns"."nspname" = 'public' AND "t"."relname" = 'bank_accounts') OR ("ns"."nspname" = 'public' AND "t"."relname" = 'characters') OR ("ns"."nspname" = 'public' AND "t"."relname" = 'accounts') OR ("ns"."nspname" = 'public' AND "t"."relname" = 'bans'))
Parameters: undefined
-------------------------------------------------------------------------
-------------------------------------------------------------------------
Query: SELECT "ns"."nspname" AS "table_schema", "t"."relname" AS "table_name", "i"."relname" AS "constraint_name", "a"."attname" AS "column_name", CASE "ix"."indisunique" WHEN 't' THEN 'TRUE' ELSE'FALSE' END AS "is_unique", pg_get_expr("ix"."indpred", "ix"."indrelid") AS "condition", "types"."typname" AS "type_name" FROM "pg_class" "t" INNER JOIN "pg_index" "ix" ON "ix"."indrelid" = "t"."oid" INNER JOIN "pg_attribute" "a" ON "a"."attrelid" = "t"."oid"  AND "a"."attnum" = ANY ("ix"."indkey") INNER JOIN "pg_namespace" "ns" ON "ns"."oid" = "t"."relnamespace" INNER JOIN "pg_class" "i" ON "i"."oid" = "ix"."indexrelid" INNER JOIN "pg_type" "types" ON "types"."oid" = "a"."atttypid" LEFT JOIN "pg_constraint" "cnst" ON "cnst"."conname" = "i"."relname" WHERE "t"."relkind" IN ('r', 'p') AND "cnst"."contype" IS NULL AND (("ns"."nspname" = 'public' AND "t"."relname" = 'vehicles') OR ("ns"."nspname" = 'public' AND "t"."relname" = 'inventory_items') OR ("ns"."nspname" = 'public' AND "t"."relname" = 'bank_accounts') OR ("ns"."nspname" = 'public' AND "t"."relname" = 'characters') OR ("ns"."nspname" = 'public' AND "t"."relname" = 'accounts') OR ("ns"."nspname" = 'public' AND "t"."relname" = 'bans'))
Parameters: undefined
-------------------------------------------------------------------------
-------------------------------------------------------------------------
Query: SELECT "con"."conname" AS "constraint_name", "con"."nspname" AS "table_schema", "con"."relname" AS "table_name", "att2"."attname" AS "column_name", "ns"."nspname" AS "referenced_table_schema", "cl"."relname" AS "referenced_table_name", "att"."attname" AS "referenced_column_name", "con"."confdeltype" AS "on_delete", "con"."confupdtype" AS "on_update", "con"."condeferrable" AS "deferrable", "con"."condeferred" AS "deferred" FROM ( SELECT UNNEST ("con1"."conkey") AS "parent", UNNEST ("con1"."confkey") AS "child", "con1"."confrelid", "con1"."conrelid", "con1"."conname", "con1"."contype", "ns"."nspname", "cl"."relname", "con1"."condeferrable", CASE WHEN "con1"."condeferred" THEN 'INITIALLY DEFERRED' ELSE 'INITIALLY IMMEDIATE' END as condeferred, CASE "con1"."confdeltype" WHEN 'a' THEN 'NO ACTION' WHEN 'r' THEN 'RESTRICT' WHEN 'c' THEN 'CASCADE' WHEN 'n' THEN 'SET NULL' WHEN 'd' THEN 'SET DEFAULT' END as "confdeltype", CASE "con1"."confupdtype" WHEN 'a' THEN 'NO ACTION' WHEN 'r' THEN 'RESTRICT' WHEN 'c' THEN 'CASCADE' WHEN 'n' THEN 'SET NULL' WHEN 'd' THEN 'SET DEFAULT' END as "confupdtype" FROM "pg_class" "cl" INNER JOIN "pg_namespace" "ns" ON "cl"."relnamespace" = "ns"."oid" INNER JOIN "pg_constraint" "con1" ON "con1"."conrelid" = "cl"."oid" WHERE "con1"."contype" = 'f' AND (("ns"."nspname" = 'public' AND "cl"."relname" = 'vehicles') OR ("ns"."nspname" = 'public' AND "cl"."relname" = 'inventory_items') OR ("ns"."nspname" = 'public' AND "cl"."relname" = 'bank_accounts') OR ("ns"."nspname" = 'public' AND "cl"."relname" = 'characters') OR ("ns"."nspname" = 'public' AND "cl"."relname" = 'accounts') OR ("ns"."nspname" = 'public' AND "cl"."relname" = 'bans')) ) "con" INNER JOIN "pg_attribute" "att" ON "att"."attrelid" = "con"."confrelid" AND "att"."attnum" = "con"."child" INNER JOIN "pg_class" "cl" ON "cl"."oid" = "con"."confrelid"  AND "cl"."relispartition" = 'f'INNER JOIN "pg_namespace" "ns" ON "cl"."relnamespace" = "ns"."oid" INNER JOIN "pg_attribute" "att2" ON "att2"."attrelid" = "con"."conrelid" AND "att2"."attnum" = "con"."parent"
Parameters: undefined
-------------------------------------------------------------------------
-------------------------------------------------------------------------
Query: SELECT * FROM "information_schema"."tables" WHERE "table_schema" = 'public' AND "table_name" = 'typeorm_metadata'
Parameters: undefined
-------------------------------------------------------------------------
-------------------------------------------------------------------------
Query: COMMIT
Parameters: undefined
-------------------------------------------------------------------------
-------------------------------------------------------------------------
Query: SELECT "BanEntity"."id" AS "BanEntity_id", "BanEntity"."ip" AS "BanEntity_ip", "BanEntity"."rsgId" AS "BanEntity_rsgId", "BanEntity"."username" AS "BanEntity_username", "BanEntity"."serial" AS "BanEntity_serial", "BanEntity"."reason" AS "BanEntity_reason", "BanEntity"."bannedBy" AS "BanEntity_bannedBy", "BanEntity"."bannedByLevel" AS "BanEntity_bannedByLevel", "BanEntity"."lifttime" AS "BanEntity_lifttime" FROM "bans" "BanEntity" WHERE (("BanEntity"."serial" = $1) OR ("BanEntity"."ip" = $2) OR ("BanEntity"."username" = $3) OR ("BanEntity"."rsgId" = $4)) LIMIT 1
Parameters: DEB488D000D25078C2F47EA05270C5E07A301C00DF2039B0E2E4E8D8E88AE240D86800ECF0FA9ED04A305E604FE40680B400F9C0BB8CBEB078E4D814E6C4A280,127.0.0.1,tacticalwired,256659239
-------------------------------------------------------------------------
-------------------------------------------------------------------------
Query: SELECT "AccountEntity"."id" AS "AccountEntity_id", "AccountEntity"."username" AS "AccountEntity_username", "AccountEntity"."password" AS "AccountEntity_password", "AccountEntity"."email" AS "AccountEntity_email", "AccountEntity"."socialClubId" AS "AccountEntity_socialClubId" FROM "accounts" "AccountEntity" WHERE ("AccountEntity"."username" = $1) LIMIT 1
Parameters: tacticalwired
-------------------------------------------------------------------------
-------------------------------------------------------------------------
Query: SELECT "AccountEntity"."id" AS "AccountEntity_id", "AccountEntity"."username" AS "AccountEntity_username", "AccountEntity"."password" AS "AccountEntity_password", "AccountEntity"."email" AS "AccountEntity_email", "AccountEntity"."socialClubId" AS "AccountEntity_socialClubId" FROM "accounts" "AccountEntity" WHERE ("AccountEntity"."username" = $1) LIMIT 1
Parameters: tacticalwired
-------------------------------------------------------------------------
-------------------------------------------------------------------------
Query: SELECT DISTINCT "distinctAlias"."CharacterEntity_id" AS "ids_CharacterEntity_id" FROM (SELECT "CharacterEntity"."id" AS "CharacterEntity_id", "CharacterEntity"."adminlevel" AS "CharacterEntity_adminlevel", "CharacterEntity"."appearance" AS "CharacterEntity_appearance", "CharacterEntity"."lastlogin" AS "CharacterEntity_lastlogin", "CharacterEntity"."name" AS "CharacterEntity_name", "CharacterEntity"."gender" AS "CharacterEntity_gender", "CharacterEntity"."level" AS "CharacterEntity_level", "CharacterEntity"."position" AS "CharacterEntity_position", "CharacterEntity"."wantedLevel" AS "CharacterEntity_wantedLevel", "CharacterEntity"."deathState" AS "CharacterEntity_deathState", "CharacterEntity"."cash" AS "CharacterEntity_cash", "CharacterEntity"."accountId" AS "CharacterEntity_accountId", "CharacterEntity"."itemsId" AS "CharacterEntity_itemsId" FROM "characters" "CharacterEntity" LEFT JOIN "accounts" "CharacterEntity__CharacterEntity_account" ON "CharacterEntity__CharacterEntity_account"."id"="CharacterEntity"."accountId" WHERE ("CharacterEntity__CharacterEntity_account"."id" = $1)) "distinctAlias" ORDER BY "CharacterEntity_id" ASC LIMIT 3
Parameters: 1
-------------------------------------------------------------------------
-------------------------------------------------------------------------
Query: SELECT "CharacterEntity"."id" AS "CharacterEntity_id", "CharacterEntity"."adminlevel" AS "CharacterEntity_adminlevel", "CharacterEntity"."appearance" AS "CharacterEntity_appearance", "CharacterEntity"."lastlogin" AS "CharacterEntity_lastlogin", "CharacterEntity"."name" AS "CharacterEntity_name", "CharacterEntity"."gender" AS "CharacterEntity_gender", "CharacterEntity"."level" AS "CharacterEntity_level", "CharacterEntity"."position" AS "CharacterEntity_position", "CharacterEntity"."wantedLevel" AS "CharacterEntity_wantedLevel", "CharacterEntity"."deathState" AS "CharacterEntity_deathState", "CharacterEntity"."cash" AS "CharacterEntity_cash", "CharacterEntity"."accountId" AS "CharacterEntity_accountId", "CharacterEntity"."itemsId" AS "CharacterEntity_itemsId" FROM "characters" "CharacterEntity" LEFT JOIN "accounts" "CharacterEntity__CharacterEntity_account" ON "CharacterEntity__CharacterEntity_account"."id"="CharacterEntity"."accountId" WHERE ( ("CharacterEntity__CharacterEntity_account"."id" = $1) ) AND ( "CharacterEntity"."id" IN (1) )
Parameters: 1
-------------------------------------------------------------------------
-------------------------------------------------------------------------
Query: SELECT DISTINCT "distinctAlias"."CharacterEntity_id" AS "ids_CharacterEntity_id" FROM (SELECT "CharacterEntity"."id" AS "CharacterEntity_id", "CharacterEntity"."adminlevel" AS "CharacterEntity_adminlevel", "CharacterEntity"."appearance" AS "CharacterEntity_appearance", "CharacterEntity"."lastlogin" AS "CharacterEntity_lastlogin", "CharacterEntity"."name" AS "CharacterEntity_name", "CharacterEntity"."gender" AS "CharacterEntity_gender", "CharacterEntity"."level" AS "CharacterEntity_level", "CharacterEntity"."position" AS "CharacterEntity_position", "CharacterEntity"."wantedLevel" AS "CharacterEntity_wantedLevel", "CharacterEntity"."deathState" AS "CharacterEntity_deathState", "CharacterEntity"."cash" AS "CharacterEntity_cash", "CharacterEntity"."accountId" AS "CharacterEntity_accountId", "CharacterEntity"."itemsId" AS "CharacterEntity_itemsId", "CharacterEntity__CharacterEntity_items"."id" AS "CharacterEntity__CharacterEntity_items_id", "CharacterEntity__CharacterEntity_items"."clothes" AS "CharacterEntity__CharacterEntity_items_clothes", "CharacterEntity__CharacterEntity_items"."pockets" AS "CharacterEntity__CharacterEntity_items_pockets", "CharacterEntity__CharacterEntity_items"."quickUse" AS "CharacterEntity__CharacterEntity_items_quickUse", "CharacterEntity__CharacterEntity_bank"."id" AS "CharacterEntity__CharacterEntity_bank_id", "CharacterEntity__CharacterEntity_bank"."isPrimary" AS "CharacterEntity__CharacterEntity_bank_isPrimary", "CharacterEntity__CharacterEntity_bank"."accountnumber" AS "CharacterEntity__CharacterEntity_bank_accountnumber", "CharacterEntity__CharacterEntity_bank"."pincode" AS "CharacterEntity__CharacterEntity_bank_pincode", "CharacterEntity__CharacterEntity_bank"."balance" AS "CharacterEntity__CharacterEntity_bank_balance", "CharacterEntity__CharacterEntity_bank"."accountholder" AS "CharacterEntity__CharacterEntity_bank_accountholder", "CharacterEntity__CharacterEntity_bank"."characterId" AS "CharacterEntity__CharacterEntity_bank_characterId" FROM "characters" "CharacterEntity" LEFT JOIN "inventory_items" "CharacterEntity__CharacterEntity_items" ON "CharacterEntity__CharacterEntity_items"."id"="CharacterEntity"."itemsId"  LEFT JOIN "bank_accounts" "CharacterEntity__CharacterEntity_bank" ON "CharacterEntity__CharacterEntity_bank"."characterId"="CharacterEntity"."id" WHERE ("CharacterEntity"."id" = $1)) "distinctAlias" ORDER BY "CharacterEntity_id" ASC LIMIT 1
Parameters: 1
-------------------------------------------------------------------------
-------------------------------------------------------------------------
Query: SELECT "CharacterEntity"."id" AS "CharacterEntity_id", "CharacterEntity"."adminlevel" AS "CharacterEntity_adminlevel", "CharacterEntity"."appearance" AS "CharacterEntity_appearance", "CharacterEntity"."lastlogin" AS "CharacterEntity_lastlogin", "CharacterEntity"."name" AS "CharacterEntity_name", "CharacterEntity"."gender" AS "CharacterEntity_gender", "CharacterEntity"."level" AS "CharacterEntity_level", "CharacterEntity"."position" AS "CharacterEntity_position", "CharacterEntity"."wantedLevel" AS "CharacterEntity_wantedLevel", "CharacterEntity"."deathState" AS "CharacterEntity_deathState", "CharacterEntity"."cash" AS "CharacterEntity_cash", "CharacterEntity"."accountId" AS "CharacterEntity_accountId", "CharacterEntity"."itemsId" AS "CharacterEntity_itemsId", "CharacterEntity__CharacterEntity_items"."id" AS "CharacterEntity__CharacterEntity_items_id", "CharacterEntity__CharacterEntity_items"."clothes" AS "CharacterEntity__CharacterEntity_items_clothes", "CharacterEntity__CharacterEntity_items"."pockets" AS "CharacterEntity__CharacterEntity_items_pockets", "CharacterEntity__CharacterEntity_items"."quickUse" AS "CharacterEntity__CharacterEntity_items_quickUse", "CharacterEntity__CharacterEntity_bank"."id" AS "CharacterEntity__CharacterEntity_bank_id", "CharacterEntity__CharacterEntity_bank"."isPrimary" AS "CharacterEntity__CharacterEntity_bank_isPrimary", "CharacterEntity__CharacterEntity_bank"."accountnumber" AS "CharacterEntity__CharacterEntity_bank_accountnumber", "CharacterEntity__CharacterEntity_bank"."pincode" AS "CharacterEntity__CharacterEntity_bank_pincode", "CharacterEntity__CharacterEntity_bank"."balance" AS "CharacterEntity__CharacterEntity_bank_balance", "CharacterEntity__CharacterEntity_bank"."accountholder" AS "CharacterEntity__CharacterEntity_bank_accountholder", "CharacterEntity__CharacterEntity_bank"."characterId" AS "CharacterEntity__CharacterEntity_bank_characterId" FROM "characters" "CharacterEntity" LEFT JOIN "inventory_items" "CharacterEntity__CharacterEntity_items" ON "CharacterEntity__CharacterEntity_items"."id"="CharacterEntity"."itemsId"  LEFT JOIN "bank_accounts" "CharacterEntity__CharacterEntity_bank" ON "CharacterEntity__CharacterEntity_bank"."characterId"="CharacterEntity"."id" WHERE ( ("CharacterEntity"."id" = $1) ) AND ( "CharacterEntity"."id" IN (1) )
Parameters: 1
-------------------------------------------------------------------------
-------------------------------------------------------------------------
Query: UPDATE "inventory_items" SET "pockets" = $1, "clothes" = $2, "quickUse" = $3 WHERE "id" = $4
Parameters: {"0":null,"1":null,"2":null,"3":null,"4":null,"5":null,"6":null,"7":null,"8":null,"9":null,"10":null,"11":null,"12":null,"13":null,"14":null,"15":null,"16":null,"17":null},{"0":null,"1":null,"2":null,"3":null,"4":null,"5":null,"6":null,"7":null,"8":null,"9":null,"10":null,"11":null,"12":null,"13":null},{"0":null,"1":null,"2":null,"3":null,"4":null,"5":null},1
-------------------------------------------------------------------------
-------------------------------------------------------------------------
Query: UPDATE "inventory_items" SET "pockets" = $1, "clothes" = $2, "quickUse" = $3 WHERE "id" = $4
Parameters: {"0":null,"1":null,"2":null,"3":null,"4":null,"5":null,"6":null,"7":null,"8":null,"9":null,"10":null,"11":null,"12":null,"13":null,"14":null,"15":null,"16":null,"17":null},{"0":null,"1":null,"2":null,"3":null,"4":null,"5":null,"6":null,"7":null,"8":null,"9":null,"10":null,"11":null,"12":null,"13":null},{"0":null,"1":null,"2":null,"3":null,"4":null,"5":null},1
-------------------------------------------------------------------------
-------------------------------------------------------------------------
Query: UPDATE "inventory_items" SET "pockets" = $1, "clothes" = $2, "quickUse" = $3 WHERE "id" = $4
Parameters: {"0":null,"1":null,"2":null,"3":null,"4":null,"5":null,"6":null,"7":null,"8":null,"9":null,"10":null,"11":null,"12":null,"13":null,"14":null,"15":null,"16":null,"17":null},{"0":null,"1":null,"2":null,"3":null,"4":null,"5":null,"6":null,"7":null,"8":null,"9":null,"10":null,"11":null,"12":null,"13":null},{"0":null,"1":null,"2":null,"3":null,"4":null,"5":null},1
-------------------------------------------------------------------------
-------------------------------------------------------------------------
Query: UPDATE "inventory_items" SET "pockets" = $1, "clothes" = $2, "quickUse" = $3 WHERE "id" = $4
Parameters: {"0":null,"1":null,"2":null,"3":null,"4":null,"5":null,"6":null,"7":null,"8":null,"9":null,"10":null,"11":null,"12":null,"13":null,"14":null,"15":null,"16":null,"17":null},{"0":null,"1":null,"2":null,"3":null,"4":null,"5":null,"6":null,"7":null,"8":null,"9":null,"10":null,"11":null,"12":null,"13":null},{"0":null,"1":null,"2":null,"3":null,"4":null,"5":null},1
-------------------------------------------------------------------------
-------------------------------------------------------------------------
Query: UPDATE "characters" SET "position" = $1, "lastlogin" = $2, "deathState" = $3, "cash" = $4 WHERE "id" IN ($5)
Parameters: {"x":414.88006591796875,"y":-806.0711059570312,"z":29.34235954284668,"heading":63.426841735839844},Fri Dec 19 2025 12:19:54 GMT-0300 (GMT-03:00),0,1500,1
-------------------------------------------------------------------------
-------------------------------------------------------------------------
Query: SELECT * FROM current_schema()
Parameters: undefined
-------------------------------------------------------------------------
